bookId,tag,title,cover,author,press,year,pageNum,price,rate,startList,summary,detailLink,createTime,comment_len,commentList
0,小说,长安的荔枝,https://img3.doubanio.com/view/subject/s/public/s34327482.jpg,马伯庸,湖南文艺出版社,2022-10,224,45,8.5,"[44.2, 45.4, 9.7, 0.6, 0.2]",大唐天宝十四年，长安城的小吏李善德突然接到一个任务：要在贵妃诞日之前，从岭南运来新鲜荔枝。荔枝“一日色变，两日香变，三日味变”，而岭南距长安五千余里，山水迢迢，这是个不可能完成的任务，可为了家人，李善德决心放手一搏：“就算失败，我也想知道，自己倒在距离终点多远的地方。”《长安的荔枝》是马伯庸备受好评的历史小说。唐朝诗人杜牧的一句“一骑红尘妃子笑，无人知是荔枝来”一千多年来引发了人们的无限遐想，但鲜荔枝的保鲜时限仅有三天，这场跨越五千余里的传奇转运之旅究竟是如何达成的，谁让杨贵妃在长安吃到了来自岭南的鲜荔枝？作者马伯庸就此展开了一场脑洞非常大的想象。沿袭马伯庸写作一贯以来的时空紧张感，不仅让读者看到了小人物的乱世生存之道，也感受到了事在人为的热血奋斗。随书附赠“荔枝鲜转运舆图”。★ 编辑推荐唐朝诗人杜牧的一句“一骑红尘妃子笑，无人知是荔枝来”...,https://book.douban.com/subject/36104107/,2024-03-30,93924,"[{""userNmae"": ""\u6d77\u4e0a"", ""start"": 5, ""bookId"": 0, ""userId"": 57, ""createTime"": ""2024-04-18"", ""content"": ""\u4e00\u6c14\u5475\u6210\uff0c\u8bfb\u5f97\u6211\u70ed\u8840\u6cb8\u817e\u53c8\u4e00\u7247\u51b0\u51c9\u3002""}, {""userNmae"": ""\u6211\u662f\u534a\u4e2a\u5927\u5934"", ""start"": 3, ""bookId"": 0, ""userId"": 37, ""createTime"": ""2022-12-13"", ""content"": ""\u4e00\u672c\u5c0f\u5c0f\u7684\u4e66\uff0c\u5f88\u5feb\u5c31\u8bfb\u5b8c\u300221\u4e16\u7eaa\u7684\u4eca\u5929\uff0c\u56fd\u4f01\u5de5\u4f5c\u7684\u672c\u4eba\u5bf9\u674e\u5584\u5fb7\u7684\u7ecf\u5386\u611f\u540c\u8eab\u53d7\u3002""}, {""userNmae"": ""tikey"", ""start"": 4, ""bookId"": 0, ""userId"": 18, ""createTime"": ""2024-04-17"", ""content"": ""\u9a6c\u4f2f\u5eb8\u7edd\u975e\u4ec0\u4e48\u6587\u5b66\u5bb6\uff0c\u4f46\u4ed6\u662f\u4e00\u4e2a\u5f88\u4f1a\u8bb2\u6545\u4e8b\u7684\u4eba\uff0c\u4e0d\u4ec5\u6545\u4e8b\u8bb2\u7684\u597d\uff0c\u7ec6\u8282\u8fd8\u7279\u522b\u8be6\u5b9e\uff0c\u4eff\u4f5b\u4e00\u4f4d\u98ce\u8da3\u6e0a\u535a\u7684\u9ad8\u4e2d\u5386\u53f2\u8001\u5e08\uff0c\u5e26\u7740\u6279\u5224\u6027\u7684\u8bbd\u523a\uff0c\u7531\u6d45\u5165\u6df1\u5730\u5e26\u9886\u5927\u5bb6\u9886\u7565\u90a3\u539a\u91cd\u5386\u53f2\u4e2d\u4ee4\u4eba\u7740\u8ff7\u7684\u6587\u5316\u3002\u201c\u4e00\u9a91\u7ea2\u5c18\u5983\u5b50\u7b11\uff0c\u65e0\u4eba\u77e5\u662f\u8354\u679d\u6765\u3002\u201d\u5c0f\u4eba\u7269\u7684\u60b2\u5267\u547d\u8fd0\uff0c\u603b\u662f\u80fd\u8ba9\u5f88\u591a\u8bfb\u8005\u5171\u60c5\u7684\u3002""}, {""userNmae"": ""\u75d8\u75d8\u7684\u9752\u6625"", ""start"": 3, ""bookId"": 0, ""userId"": 73, ""createTime"": ""2022-11-10"", ""content"": ""\u770b\u7740\u603b\u89c9\u5f97\u66f4\u50cf\u7535\u5f71\u8349\u7a3f""}, {""userNmae"": ""\u5c0f\u874e\u5b50\u4e0d\u8707\u4eba"", ""start"": 4, ""bookId"": 0, ""userId"": 31, ""createTime"": ""2024-03-30"", ""content"": ""\u4e09\u661f\u534a\uff0c\u5b66\u5230\u4e86\u4e0d\u5c11\u77e5\u8bc6\u3002\u770b\u6765\u4eba\u6700\u597d\u7684\u5f52\u5bbf\u8fd8\u662f\u79cd\u5730\uff0c\u725b\u9a6c\u5f53\u5230\u6700\u540e\u53ea\u6709\u4e00\u8eab\u7684\u75c5\u3002""}]"
1,小说,太白金星有点烦,https://img9.doubanio.com/view/subject/s/public/s34544956.jpg,马伯庸,湖南文艺出版社,2023-6,276,45,9.0,"[61.6, 31.7, 5.9, 0.6, 0.2]",太白金星李长庚最近有点烦。天庭和西天联合推出了“西天取经”的重大项目，他受命策划九九八十一难，确保唐僧能安全走完流程，平稳取经成佛。老神仙本以为一切尽在掌控中，谁知天大的麻烦才刚刚开始：费用报销、工作汇报、人事安排、各路大仙塞来的条子、各地妖怪暗藏的心思，捋不出的千头万缕，做不完的琐碎繁杂……当大闹天宫的真相重新浮出水面，牵扯出无数因果，李长庚发觉自己成就金仙的道路越加渺茫。【编辑推荐】这是每一个成年人应该重读的西游故事。太白金星李长庚最近有点烦。天庭和西天联合推出了“西天取经”的重大项目，他受命策划九九八十一难，确保项目无虞。老神仙本以为一切尽在掌控中，谁知天大的麻烦才刚刚开始。项目过程中，如何报销活动费用？如何写工作汇报？如何平衡不同上级的诉求？如何应对突发状况？如何解决人事纠纷？一系列问题在不改变经典著作《西游记》结局的基础上展开了丰...,https://book.douban.com/subject/36328704/,2023-12-27,54593,"[{""userNmae"": ""\u7b49\u5b63\u98ce\u6765"", ""start"": 5, ""bookId"": 1, ""userId"": 61, ""createTime"": ""2024-03-25"", ""content"": ""\u5434\u521a\u4f10\u6842\uff0c\u4e2d\u56fd\u4eba\u6709\u81ea\u5df1\u7684\u897f\u897f\u5f17\u65af""}, {""userNmae"": ""\u5f00\u00b7\u9006\u5149"", ""start"": 5, ""bookId"": 1, ""userId"": 81, ""createTime"": ""2024-06-18"", ""content"": ""\u770b\u5b8c\u8fd8\u5f97\u7ee7\u7eed\u780d\u6842\u82b1\u6811""}, {""userNmae"": ""\u751f\u869d\u8638\u9171\u6cb9"", ""start"": 5, ""bookId"": 1, ""userId"": 59, ""createTime"": ""2024-03-28"", ""content"": ""\u770b\u4f3c\u5728\u4ed9\u754c \u53e5\u53e5\u662f\u4eba\u95f4 ""}, {""userNmae"": ""\u534a\u751f\u4e0d\u719f"", ""start"": 4, ""bookId"": 1, ""userId"": 19, ""createTime"": ""2024-05-03"", ""content"": ""\u884c\u6587\u6d41\u7545\u3002\u6700\u641e\u7b11\u7684\u662f\u725b\u90ce\u7ec7\u5973\u88ab\u7f5a\u6bcf\u5e74\u76f8\u4f1a\u4e00\u6b21\uff0c\u5929\u4e0a\u4e00\u65e5\uff0c\u4eba\u95f4\u4e00\u5e74\uff0c\u4e8e\u662f\u7ec7\u5973\u6bcf\u5929\u51c6\u70b9\u4e0b\u73ed\u53bb\u89c1\u8001\u516c\uff0c\u7b11\u6b7b\u3002""}, {""userNmae"": ""\u6768\u8fea"", ""start"": 5, ""bookId"": 1, ""userId"": 29, ""createTime"": ""2023-12-27"", ""content"": ""\u771f\u771f\u7edd\u4e86\uff01\u719f\u6089\u300a\u897f\u6e38\u8bb0\u300b\u540e\u770b\u8fd9\u672c\uff0c\u6574\u4e2a\u4eba\u4e00\u6123\u4e00\u6123\u7684\uff0c\u60ca\u5947\u7684\u89d2\u5ea6\u5199\u51fa\u4e86\u4e00\u4e2a\u66f4\u73b0\u5b9e\u7684\u4e16\u754c\u3002\u6b23\u6170\u7684\u662f\uff0c\u7384\u5958\u603b\u5f52\u8fd8\u662f\u6709\u4f5b\u5fc3\uff0c\u9f50\u5929\u5927\u5723\u66f4\u662f\u914d\u5f97\u4e0a\u8fd9\u4e2a\u540d\u53f7\u3002\u6700\u540e\uff0c\u592a\u767d\u91d1\u661f\u662f\u8f6c\u4e16\u6210\u4e86\u674e\u767d\u5427\uff1f\uff01\uff1f""}]"
2,小说,食南之徒,https://img3.doubanio.com/view/subject/s/public/s34823157.jpg,马伯庸,湖南文艺出版社,2024-4,269,56,8.2,"[36.9, 47.9, 14.1, 0.9, 0.2]",【内容简介】最贪吃的大汉使者唐蒙，来到了最会吃的南越之国。这里食材丰富，简直就是饕餮之徒的梦想之地。然而，在美食背后，却涌动着南北对峙、族群隔阂、权位争斗、国策兴废……种种波谲云诡，竟比岭南食材的风味更加复杂。这个懒散的大汉使者，身陷岭南的政争漩涡。他唯 一能信赖的伙伴，只有食物；唯一的破局之法，只有追求极致美食的心。谁都没想到，那一缕微妙滋味，竟关乎大汉与南越国运，乃至于整个中华版图……【编辑推荐】《食南之徒》是马伯庸2024年全新长篇历史小说。贪吃的汉使唐蒙来到饕餮圣地南越，没想到卷入南越宫廷的政争之中，南北对峙、族群隔阂、权位争斗、国策兴废……时局波谲云密，他能信赖的只有美食，能够破局的也只有那颗追求极致美食的心。更没人想到，唐蒙敏感的味觉竟然拓展了大汉对中华版图的认知……美食不会骗人，每个人在它面前，都会露出本性。1.马伯庸...,https://book.douban.com/subject/36710597/,2024-04-06,18044,"[{""userNmae"": ""\u963f\u5495\u5495\u70ca"", ""start"": 5, ""bookId"": 2, ""userId"": 10, ""createTime"": ""2024-04-23"", ""content"": ""\u6211\u4eec\u5e7f\u4e1c\u4eba\u600e\u4e48\u770b\u4e2a\u4e66\u4e5f\u88ab\u9a82\u5566\ud83d\ude04\n\u201c\u4f60\u4eec\u5cad\u5357\u65e0\u8bba\u4ec0\u4e48\u6bdb\u75c5\uff0c\u6700\u540e\u603b\u662f\u6e7f\u6c14\u592a\u91cd\u3002\u201d""}, {""userNmae"": ""\u751f\u6d3b\u5728\u522b\u5904"", ""start"": 4, ""bookId"": 2, ""userId"": 92, ""createTime"": ""2024-04-04"", ""content"": ""\u9a6c\u4eb2\u738b\u7684\u7edd\u5bf9\u8212\u9002\u533a\uff0c\u591f\u4e0d\u4e0a\u6770\u4f5c\uff0c\u4f46\u8db3\u591f\u6d41\u7545\u597d\u8bfb\u3002\u4e66\u4e2d\u7684\u5510\u8499\u770b\u4f3c\u6478\u9c7c\u8eba\u5e73\uff0c\u4e00\u5fc3\u53ea\u8ffd\u6c42\u7f8e\u98df\u4e4b\u9053\uff0c\u4f46\u4e00\u8def\u8d70\u6765\u5374\u603b\u6709\u81ea\u5df1\u7684\u575a\u5b88\u3002\u8ffd\u67e5\u6b66\u738b\u4e4b\u6b7b\u662f\u56e0\u4e3a\u7ae5\u5e74\u906d\u9047\u800c\u4e0d\u613f\u518d\u6b21\u8f9c\u8d1f\u670b\u53cb\uff0c\u4e00\u5165\u897f\u5357\u662f\u66ff\u53cb\u5bfb\u7236\u7684\u627f\u8bfa\uff0c\u518d\u5165\u897f\u5357\u5219\u662f\u4e3a\u53cb\u590d\u4ec7\u7684\u51b3\u5fc3\u3002\u4e66\u4e2d\u5176\u4ed6\u89d2\u8272\u4e0d\u6b62\u4e00\u6b21\u95ee\u4ed6\u505a\u8fd9\u4e00\u5207\u662f\u4e3a\u4e86\u4ec0\u4e48\uff0c\u201c\u6211\u8bf4\u6211\u662f\u4e3a\u4e86\u8700\u67b8\u9171\uff0c\u4f60\u4fe1\u5417\uff1f\u201d\u4ed6\u603b\u662f\u8fd9\u4e48\u56de\u7b54\u3002\u662f\u7684\uff0c\u5728\u5510\u8499\u7684\u4eba\u751f\u4ef7\u503c\u6392\u5e8f\u4e2d\uff0c\u53e4\u5f80\u4eca\u6765\u4ed6\u4eba\u8d8b\u4e4b\u82e5\u9e5c\u7684\u52a0\u5b98\u8fdb\u7235\uff0c\u5728\u793e\u4f1a\u4ef7\u503c\u8bc4\u5224\u4f53\u7cfb\u4e2d\u65e0\u5f80\u4e0d...""}, {""userNmae"": ""\u5730\u7403\u6d41\u6d6a\u8005"", ""start"": 1, ""bookId"": 2, ""userId"": 46, ""createTime"": ""2024-04-14"", ""content"": ""1\u3001\u60ac\u5ff5\u8bbe\u7f6e\u5f97\u5f88\u65e0\u8da3 \u4ece\u6c49\u671d\u89c6\u89d2\u770b\u5357\u8d8a\u738b\u6b7b\u56e0\u65e0\u5173\u75db\u75d2 \u7537\u4e3b\u4e3a\u98df\u7269\u914d\u65b9\u5192\u6b7b\u8c03\u67e5\u66f4\u662f\u7275\u5f3a\n2\u3001\u7f8e\u98df\u7b14\u58a8\u8fc7\u591a \u5373\u4f7f\u628a\u7537\u4e3b\u8bbe\u7f6e\u6210\u5403\u8d27 \u9891\u7e41\u7684\u996e\u98df\u70f9\u996a\u63cf\u5199\u8fd8\u662f\u663e\u5f97\u67af\u71e5 \u8fd9\u4e00\u70b9\u4e5f\u8ddf\u4e3b\u7ebf\u677e\u6563\u6709\u5173\n3\u3001\u610f\u6deb\u6210\u5206\u8fc7\u591a \u76f8\u6bd4\u4f5c\u8005\u4ee5\u524d\u5199\u7684\u5927\u5510\u5927\u660e \u5357\u8d8a\u7f3a\u4e4f\u53f2\u6599 \u8868\u9762\u4e0a\u600e\u4e48\u7f16\u90fd\u5bf9 \u4f46\u5176\u5b9e\u7f16\u5f97\u771f\u5b9e\u66f4\u6709\u96be\u5ea6\n4\u3001\u628a\u573a\u666f\u642c\u5230\u5cad\u5357 \u4f46\u8fd8\u662f\u4e89\u6743\u593a\u5229\u90a3\u70b9\u4e8b \u5185\u6838\u6beb\u65e0\u65b0\u610f \u800c\u4e14\u53cd\u6d3e\u7f3a\u4e4f\u884c\u52a8\u529b \u7ed9\u4e3b\u89d2\u7684\u963b\u788d\u523b\u610f\u4e14\u65e0\u529b\n5\u3001\u5168\u4e66\u9ad8\u6f6e\u7740\u91cd\u63cf...""}, {""userNmae"": ""\u5bb9\u6613"", ""start"": 4, ""bookId"": 2, ""userId"": 23, ""createTime"": ""2024-04-29"", ""content"": ""\u5199\u5f97\u633a\u50cf\u4e00\u76d8\u5927\u68cb\uff0c\u7ed3\u5c40\u50cf\u662f\u88ab\u538b\u8f74\u83dc\u4e0a\u4e86\u4e2a\u897f\u7ea2\u67ff\u9e21\u86cb\u6c64\u3002""}, {""userNmae"": ""\u7a3b\u8349\u516c\u56ed"", ""start"": 4, ""bookId"": 2, ""userId"": 6, ""createTime"": ""2024-04-06"", ""content"": ""\u4eb2\u738b\u2026\u5982\u679c\u4f60\u662f\u88ab\u903c\u7740\u5199\u53f0\u6d77\u6545\u4e8b\u4f60\u5c31\u7728\u7728\u773c\uff08\u624b\u52a8\u72d7\u5934\uff09\u2026""}]"
3,小说,桃花源没事儿,https://img2.doubanio.com/view/subject/s/public/s35162221.jpg,马伯庸,湖南文艺出版社,2025-6,288,48,7.9,"[35.9, 43.8, 18.0, 2.1, 0.3]",小道士玄穹是天生穷命，只要一捞横财，必有天雷劈下。他啥钱也不敢挣，只能去桃花源当个俗务道人。这项工作钱少活又多，担责加背锅，因为桃花源里住的都是妖怪，鸡毛蒜皮，纷争不断。玄穹每天忙着为妖怪们排忧解难、调停劝和，勉力维持着桃花源的和睦局面。有一天，一个巨大的危机突然降临。这个穷酸小道士悲伤地发现这关乎所有居民的安危，还严重影响到了自己每月二两三钱的菲薄俸禄……编辑推荐一个穷酸小道士，一处祥和桃花源。“南阳刘子骥，高尚士也，闻之，欣然规往。未果，寻病终。后遂无问津者。”原来《桃花源记》中的“寻而未果”另有玄机，秘境桃花源竟是妖怪乐土，由道门和妖怪共同守护。小道士玄穹天生穷命，只要一有横财，必定天雷劈下。他啥钱也不敢挣，只能去桃花源当个俗务道人。每日面对的都是调解邻里争执、孩子打架、夫妻口角之类的琐碎活，一地鸡毛，劳心费力。而每个月的道禄只有二两三...,https://book.douban.com/subject/37339619/,2025-06-02,1121,"[{""userNmae"": ""\u7ff0\u5982\u548c\u6e05\u5982"", ""start"": 5, ""bookId"": 3, ""userId"": 5, ""createTime"": ""2025-06-02"", ""content"": ""\u4e0d\u5fcd\u5fc3\u7ed94\u661f\u3002\u5f00\u5934\u8bfb\u5230\u7384\u7a79\u5728\u5e7b\u5883\u4e2d\u89c9\u5f97\u81ea\u5df1\u5929\u751f\u7a77\u547d\uff0c\u4e0d\u53ef\u80fd\u53d1\u6a2a\u8d22\u3002\u7b11\u7684\u773c\u6cea\u90fd\u5feb\u51fa\u6765\u4e86\uff0c\u771f\u66ff\u4ed6\u5fc3\u75bc\u3002""}, {""userNmae"": ""\u5965\u8389\u8587\u5a05\u7684\u4e03\u4e03"", ""start"": 5, ""bookId"": 3, ""userId"": 97, ""createTime"": ""2025-05-28"", ""content"": ""\u6bd4\u592a\u767d\u91d1\u661f\u5c11\u70b9\u73ed\u5473\u591a\u70b9\u63a8\u7406\uff0c\u5267\u672c\u6740\u9009\u624b\u6709\u63d0\u524d\u9501\u5b9a\u5230\u771f\u51f6\uff01\u559c\u6b22\u5c0f\u72d0\u72f8\uff01\u559c\u6b22\u5c0f\u5996\u602a\u548c\u6843\u82b1\u6e90\u7684\u7075\u6c14""}, {""userNmae"": ""\u5927\u809a\u5927\u5ea6"", ""start"": 2, ""bookId"": 3, ""userId"": 80, ""createTime"": ""2025-06-09"", ""content"": ""\u662f\u4e0d\u662f\u7bc7\u5e45\u592a\u77ed\u4e86\uff0c\u6545\u4e8b\u90fd\u6ca1\u6709\u5c55\u5f00\uff0c\u60f3\u8868\u8fbe\u4ec0\u4e48\u4e5f\u6ca1\u6709\u5199\u7684\u5f88\u6e05\u695a\uff0c\u5c31\u53ea\u662f\u5199\u4e86\u4e2a\u6545\u4e8b\u800c\u5df2\uff0c\u800c\u4e14\u8fd9\u4e2a\u6545\u4e8b\u5b8c\u5168\u4e0d\u7528\u5957\u7528\u6843\u82b1\u6e90\u8bb0\uff0c\u968f\u4fbf\u4efb\u4f55\u5730\u65b9\u90fd\u53ef\u4ee5\uff0c\u89c1\u4e86\u4ec0\u4e48\u5fae\uff1f""}, {""userNmae"": ""\u5eb8\u4eba\u81ea\u6270"", ""start"": 5, ""bookId"": 3, ""userId"": 27, ""createTime"": ""2025-05-28"", ""content"": ""\u9a6c\u4eb2\u738b\u65b0\u4f5c\uff0c\u521a\u4e00\u5230\u624b\u5c31\u8feb\u4e0d\u53ca\u5f85\u8bfb\u5b8c\u4e86\uff0c\u4fd7\u52a1\u9053\u4eba\u7684\u8bbe\u5b9a\u8ba9\u6211\u60f3\u8d77\u4e86\u81ea\u5df1\u5728\u4ef2\u88c1\u505a\u8c03\u89e3\u5de5\u4f5c\u7684\u65e5\u5b50\uff0c\u5c45\u7136\u8fd8\u633a\u6000\u5ff5\u7684\u3002\u3002\u770b\u6765\u771f\u662f\u5929\u751f\u5f53\u725b\u9a6c\u7684\u547d\u683c\u3002\u3002""}, {""userNmae"": ""\u6625\u660e\u95e8\u5916\u91c7\u98ce\u4f7f"", ""start"": 4, ""bookId"": 3, ""userId"": 16, ""createTime"": ""2025-06-02"", ""content"": ""\u6843\u82b1\u6e90\u8bb0+\u804a\u658b+\u7247\u8b66\u6363\u6bc1\u5236\u6bd2\u8d29\u6bd2\u56e2\u4f19\u7684\u6545\u4e8b""}]"
4,小说,素食者,https://img3.doubanio.com/view/subject/s/public/s33956462.jpg,[韩] 韩江,四川文艺出版社,2021-9,208,559,8.1,"[32.2, 48.5, 16.8, 1.8, 0.6]",亚洲首位国际布克文学奖得主获奖作品我在写作时，经常会思考这些问题：人类的暴力能达到什么程度；如何界定理智和疯狂；我们能在多大程度上理解别人。我希望《素食者》可以回答我的这些问题。我想通过《素食者》刻画一个誓死不愿加入人类群体的女性。——韩江在国家布克文学奖颁奖礼上的 致辞编辑推荐：1亚洲唯一布克国际 文学奖获奖作品连续击败两位诺贝尔文学奖得主帕慕克和大江健三郎代表作《我脑袋里的怪东西》、《水死》、“那不勒斯四部曲”终曲《失踪的孩子》等154本全球热门佳作赢得桂冠同时，这也是布克国际历史上第一次颁奖给单本书（之前都是颁给作者终生成就）2 享誉全球的现象级杰作，锐利如刀锋，把整个人类社会推上靶场。荣膺韩国最高文学奖李箱文学奖、全球售出43个国家和地区版权，累计销量突破600万册。《时代周刊》、《华尔街日报》、《经济学人》、《出版人周刊》等...,https://book.douban.com/subject/35534519/,2024-08-25,54700,"[{""userNmae"": ""\u5ff5\u53bb\u53bb"", ""start"": 2, ""bookId"": 4, ""userId"": 69, ""createTime"": ""2021-09-26"", ""content"": ""\u8bfb\u5b8c\u8fd9\u672c\u4e66\uff0c\u6211\u57fa\u672c\u548c\u97e9\u56fd\u6587\u5b66\u8bf4\u518d\u89c1\u4e86\u3002""}, {""userNmae"": ""\u5343\u5343"", ""start"": 5, ""bookId"": 4, ""userId"": 26, ""createTime"": ""2021-09-06"", ""content"": ""\u5c01\u9762\u4e0a\u7684\u63a8\u8350\u8bed\u8bf4\u8fd9\u672c\u4e66\u7cbe\u5f69\u5730\u63cf\u5199\u4e86\u6027\u548c\u75af\u72c2\uff0c\u800c\u5b9e\u9645\u4e0a\uff0c\u5b83\u6ca1\u6709\u63cf\u5199\u6027\uff0c\u5b83\u63cf\u5199\u7684\u53ea\u662f\u7236\u6743\u793e\u4f1a\u7684\u7537\u4eba\u5982\u4f55\u901a\u8fc7\u5973\u4eba\u5b9e\u73b0\u81ea\u5df1\uff0c\u6216\u8005\u8bf4\uff0c\u8fd9\u79cd\u901a\u8fc7\u5973\u4eba\u5b9e\u73b0\u81ea\u5df1\u7684\u5984\u60f3\u3002\u800c\u75af\u72c2\uff0c\u66f4\u53ea\u662f\u8fd9\u4e2a\u6545\u4e8b\u7684\u8868\u8c61\uff0c\u4e00\u4e2a\u5973\u4eba\u56e0\u4e3a\u505a\u4e86\u4e00\u4e2a\u68a6\uff0c\u800c\u51b3\u5b9a\u6210\u4e3a\u7d20\u98df\u4e3b\u4e49\u8005\uff0c\u751a\u81f3\u9010\u6e10\u53d8\u6210\u538c\u98df\u75c7\u60a3\u8005\uff0c\u4ea7\u751f\u81ea\u5df1\u662f\u4e00\u68f5\u6811\u7684\u5984\u60f3\uff0c\u770b\u8d77\u6765\u4f3c\u4e4e\u75af\u72c2\u3002\u4f46\u5b83\u771f\u6b63\u8bb2\u8ff0\u7684\uff0c\u5374\u662f\u8fd9\u4e2a\u793e\u4f1a\u5982\u4f55\u627c\u6740\u5973\u4eba\u3002Hannah Gadsby\u5728\u8131\u53e3\u79c0\u4e2d\u8bf4\uff0c\u5982\u679c\u4e00\u4e2a\u5b69\u5b50\u5728\u7f9e\u6127\u4e2d\u6210\u957f\uff0c...""}, {""userNmae"": ""bird"", ""start"": 4, ""bookId"": 4, ""userId"": 78, ""createTime"": ""2021-09-06"", ""content"": ""\u76f8\u6bd4\u91d1\u667a\u82f1\u90a3\u7c97\u7cd9\u7eaa\u5b9e\u7684\u5973\u6027\u8868\u8fbe\uff0c\u97e9\u6c5f\u8fd9\u9886\u5148\u597d\u591a\u5e74\uff0c\u5199\u6cd5\u4e5f\u9ad8\u7ea7\u5f97\u591a\u3002\u7ec6\u6316\u4e4b\u4e0b\u76f8\u4f3c\u7684\u8bae\u9898\uff0c\u97e9\u6c5f\u5927\u80c6\u5947\u7279\u7684\u6784\u601d\u7cbe\u5f69\uff0c\u4ee4\u4eba\u5370\u8c61\u6df1\u523b\uff0c\u96be\u602a\u5e03\u514b\u5956\u8d4f\u8bc6\u3002\u6e34\u671b\u505a\u4e00\u68f5\u6811\u7684\u60f3\u6cd5\u662f\u5bf9\u4eba\u7c7b\u793e\u4f1a\u591a\u4e48\u5931\u671b\u554a\uff0c\u97e9\u6c5f\u5199\u4e86\u4e00\u4e2a\u73b0\u4e16\u505a\u6811\u7684\u6781\u7aef\u89d2\u8272\uff0c\u6211\u624d\u4e86\u609f\u8fd9\u4e2a\u5728\u8111\u6d77\u6d41\u7a9c\u8fc7\u7684\u6e34\u671b\u6beb\u65e0\u8bd7\u610f\u53ef\u8a00\uff0c\u4ee3\u8868\u7740\u751f\u6d3b\u8d28\u91cf\u548c\u793e\u4f1a\u4f4d\u7f6e\u5df2\u88ab\u6392\u51fa\u4e3a\u4eba\u7684\u4ef7\u503c\u3002""}, {""userNmae"": ""\u7ecf\u5f97\u8d77\u7ecf\u4e0d\u8d77"", ""start"": 3, ""bookId"": 4, ""userId"": 69, ""createTime"": ""2021-09-15"", ""content"": ""\u8ddf\u8bd1\u8005\u6709\u540c\u6837\u7684\u7591\u95ee\uff0c\u4e3a\u4ec0\u4e48\u97e9\u5267\u90a3\u4e48\u706b\uff0c\u97e9\u56fd\u5c0f\u8bf4\u5374\u6ca1\u4eba\u770b\uff1f \u5443\u2026\u2026\u56e0\u4e3a\u592a\u70c2\u4e86\u3002\u97e9\u56fd\u5c0f\u8bf4\u8fd9\u51e0\u5e74\u7a81\u7136\u706b\u4e86\u8d77\u6765\uff0c\u4f46\u662f\u600e\u4e48\u8bfb\u90fd\u50cf\u662f\u5728\u8bfb\u7535\u89c6\u5267\u7684\u6897\u6982\uff0c\u8fd9\u672c\u5427\uff0c\u4e3a\u4e86\u730e\u5947\u800c\u5806\u79ef\uff0c\u53ea\u6c42\u901f\u6210\uff0c\u4eba\u7269\u5851\u9020\u7684\u7279\u522b\u7740\u6025\uff0c\u60f3\u8868\u8fbe\u7684\u5168\u6d41\u4e8e\u8868\u9762\uff0c\u9ea6\u514b\u5c24\u6069\u5c45\u7136\u8fd8\u7ed9\u4e86\u4e0d\u9519\u7684\u8bc4\u4ef7\uff0c\u771f\u662f\u2026\u2026\u65e0\u8bed\u3002""}, {""userNmae"": ""Rebecca"", ""start"": 3, ""bookId"": 4, ""userId"": 86, ""createTime"": ""2024-08-25"", ""content"": ""\u8bf4\u5b9e\u5728\u7684\uff0c\u5df2\u7ecf\u770b\u817b\u4e86\u7528\u53d1\u75af\u53bb\u5bf9\u6297\u538b\u8feb\u7684\u5973\u6027\u53d9\u4e8b\u4e86\uff0c\u66f4\u6b23\u8d4f\u59d0\u59d0\u90a3\u6837\u7684\u5973\u6027\uff0c\u5979\u624d\u66f4\u50cf\u4e00\u68f5\u6811\uff0c\u6811\u662f\u6e05\u9192\u5730\u80cc\u8d1f\u3001\u575a\u5f3a\u5730\u7ad9\u7acb\u3002\u5b83\u7684\u751f\u547d\u529b\u53ea\u4f1a\u5b58\u5728\u4e8e\u73b0\u5b9e\u3002""}]"
5,小说,恶女的告白,https://img9.doubanio.com/view/subject/s/public/s34917944.jpg,[日] 叶真中显,中国友谊出版公司,2024-9,296,55,8.4,"[40.5, 44.8, 13.0, 1.3, 0.5]",1 日本社会派推理大师叶真中显新作日本推理作家协会奖、《这本推理小说了不起》大奖、《周刊文春》年度推理小说榜、日本推理文学大奖新人奖、渡边淳一文学奖、吉川英治文学新人奖、书店大奖、大薮春彦奖获得者新作。2 时隔十年，《绝叫》后，再写“恶女”的复仇与重生这部作品以“性别歧视”“性暴力”为主题。不客气地说，现在的日本社会是为男性而创造的， 即所谓的“男权社会”。我本身就是男权既得利益者，无法置身事外。我想通过这部作品，重新审视这样的社会。——叶真中显3 本作、作中作、作中作中作层层反转不杀了他们，我就会被他们杀死知晓一切的你，愿意成为我的共犯吗？“太郎涨大的生殖器上有无数烫痕。之前的饲主用的是火烧，那我就试着把它切了吧。”七年前文学编辑梨帆收到了一篇叫做《养狗》的投稿，小说充斥着残暴的施虐倾向和对男性的嫌恶。作品被评为“重口味、贬低男性”...,https://book.douban.com/subject/36743030/,2024-10-26,14535,"[{""userNmae"": ""\u6751\u4e0a\u8471\u6811"", ""start"": 4, ""bookId"": 5, ""userId"": 36, ""createTime"": ""2024-10-15"", ""content"": ""\u610f\u5916\u7684\u5c0f\u6e05\u65b0\uff0c\u6211\u613f\u79f0\u53f6\u771f\u4e2d\u663e\u4e3a\u59d0\u59b9\u3002\u3002\u3002\u3002\u4ee5\u53ca\u8bd1\u540d\u786e\u5b9e\u6076\u4fd7""}, {""userNmae"": ""\u5f0f\u59d0\u7684\u80d6\u6b21"", ""start"": 5, ""bookId"": 5, ""userId"": 63, ""createTime"": ""2024-10-17"", ""content"": ""\u8fd8\u662f\u539f\u7248\u8bd1\u540d\u300a\u6f2b\u957f\u7684\u5348\u540e\u300b\u66f4\u4e3a\u6070\u5f53\u3002\u672c\u4f5c\u5927\u6982\u662f\u53f6\u771f\u4e2d\u663e\u81f3\u4eca\u4e3a\u6b62\u6700\u5177\u6709\u666e\u904d\u6027\u7684\u63cf\u5199\u793e\u4f1a\u8bae\u9898\u7684\u4f5c\u54c1\uff0c\u4e3b\u89d2\u7684\u8eab\u4efd\u4e0d\u5728\u8ffd\u6c42\u66f2\u6298\u7684\u620f\u5267\u6027\uff0c\u800c\u662f\u6781\u529b\u8425\u9020\u4e00\u79cd\u201c\u666e\u901a\u611f\u201d\uff0c\u4e5f\u8ba9\u5979\u4eec\u9762\u5bf9\u7684\u95ee\u9898\u663e\u5f97\u66f4\u52a0\u5e7f\u6cdb\u4e0e\u666e\u904d\u4e86\u3002\u7531\u6b64\u770b\u6765\u300a\u6076\u5973\u7684\u544a\u767d\u300b\u8fd9\u4e2a\u540d\u5b57\u5b9e\u5728\u662f\u4e0d\u6070\u5f53\u3002\u5341\u5206\u559c\u6b22\u5176\u4e2d\u5bf9\u201c\u8fc7\u5269\u611f\u201d\u7684\u63cf\u8ff0\u3002""}, {""userNmae"": ""Lililililim"", ""start"": 5, ""bookId"": 5, ""userId"": 12, ""createTime"": ""2024-10-15"", ""content"": ""\u4e0d\u9519\u554a\u4f60\u5c0f\u5b50 \u7ed9\u4f60\u9881\u4e00\u4e2a\u5927\u5973\u4eba\u5956\u5427""}, {""userNmae"": ""\u30b7\u30c9\u3068\u767d\u663c\u5922"", ""start"": 5, ""bookId"": 5, ""userId"": 70, ""createTime"": ""2024-10-18"", ""content"": ""\u201c\u533a\u533a\u7231\u800c\u5df2\uff0c\u522b\u8f93\u7ed9\u5b83\u201d\n\u4e2d\u95f4\u770b\u54ed\u4e86\u65e0\u6570\u6b21\uff0c\u53f6\u771f\u4e2d\u8001\u5e08\u592a\u4f1a\u5199\u4e86\ud83d\ude2d\ud83d\ude2d\uff08\u67d0\u4e9b\u51fa\u7248\u793e\u6709\u75c5\u5c31\u53bb\u6cbb\uff0c\u522b\u53d6\u8fd9\u79cd\u6807\u9898\u6076\u5fc3\u8bfb\u8005\ud83d\ude05\uff09""}, {""userNmae"": ""\u5c0f\u6cb9\u98de"", ""start"": 5, ""bookId"": 5, ""userId"": 5, ""createTime"": ""2024-10-26"", ""content"": ""\u771f\u7684\u5f88\u96be\u76f8\u4fe1\u662f\u7537\u4f5c\u8005\u3002\u867d\u7136\u4e4b\u524d\u4e5f\u8bfb\u8fc7\u53f6\u771f\u4e2d\u663e\uff0c\u4f46\u8fd9\u4e00\u90e8\u7684\u5973\u6027\u89c6\u89d2\u4e5f\u592a\u5b8c\u7f8e\u4e86\uff0c\u8ddf\u90a3\u4e9b\u6574\u5929\u81c6\u60f3\u5973\u6027\u5fc3\u7406\u7684\u7537\u4f5c\u8005\uff08aka\u8fde\u57ce\u4e09\u7eaa\u5f66\uff09\u5b8c\u5168\u4e0d\u540c\u3002\u5982\u679c\u662f\u5973\u4f5c\u8005\u5199\u7684\u5f88\u53ef\u80fd\u4f1a\u88ab\u7f51\u66b4\u7684\u7a0b\u5ea6\u2026\u2026\u7b80\u4e2d\u8fd9\u4e2a\u6807\u9898\u6539\u5f97\u592a\u5947\u602a\u4e86\uff0c\u539f\u9898\u300a\u6f2b\u957f\u7684\u5348\u540e\u300b\u4e0d\u662f\u633a\u597d\u7684\u5417\uff1f\uff01""}]"
6,小说,怪屋谜案 2,https://img3.doubanio.com/view/subject/s/public/s35110172.jpg,[日] 雨穴,台海出版社,2025-3,346,59,7.8,"[25.0, 48.7, 23.3, 2.4, 0.6]",日本国民级推理！万众期待雨穴新书！★席卷日本！万众期待！怪物作家雨穴继《怪屋谜案》后，再次挑战户型图推理巅峰！日本国民级推理小说，单本爆卖70万册，作品狂销300万册；日本亚马逊近5000评论4.6星，豆瓣日版1000＋人评分8.4，质量超高，口碑超爆。★这个房子......不对劲！从户型图中，你能看出多少隐藏的罪恶？怪屋升级！谜团加量！一场离奇弑亲案，揭开温馨家庭阴暗面！11栋隐秘怪屋，11张诡异户型图。违和布局、反常设计、扭曲空间......你敢直面这栋“吃人”的房屋吗？★当房屋成为杀人帮凶......年度必读的烧脑推理盛宴！中文简体版专属赠品（具体渠道有差异），沉浸式推理阅读体验！诡异豪宅·废弃小屋·命案公寓·罪孽会馆...层出不穷的谜团、绵绵不绝的反转、酣畅淋漓的推理！附赠作者亲绘印签or怪屋推理透卡or怪屋逃杀游戏（具体渠道有差...,https://book.douban.com/subject/37228445/,2025-04-16,1533,"[{""userNmae"": ""\u559d\u7ea2\u8336\u7684\u8611\u83c7"", ""start"": 3, ""bookId"": 6, ""userId"": 78, ""createTime"": ""2025-05-02"", ""content"": ""\u662f\u6211\u6ca1\u770b\u4ed4\u7ec6\u5417\uff1f\u90a3\u4e2a\u201c\u5973\u5c38\u201d\u7684\u51f6\u5b85\u662f\u8c01\u4e0a\u4f20\u7684\u6ca1\u6709\u8bf4\u5427\uff0c\u8fd8\u6709\u8fd9\u4e2a\u7ed3\u5c40\u2026\u2026mitsuko\u6709\u6ca1\u6709\u628a\u4eba\u5f53\u670b\u53cb\u5462\uff1f\u6700\u540e\uff0c\u611f\u89c9\u6559\u4e3b\u771f\u7684\u662f\u60b2\u60e8\u7684\u4e00\u751f\u2026\u2026""}, {""userNmae"": ""JAanOM"", ""start"": 3, ""bookId"": 6, ""userId"": 29, ""createTime"": ""2025-03-31"", ""content"": ""\u7cbe\u795e\u72b6\u6001\u4e0d\u597d\u7684\u4e0d\u5efa\u8bae\u770b\uff0c\u5f88\u5f71\u54cd\u5fc3\u60c5\u3002\u603b\u4f53\u6bd4\u524d\u4e00\u672c\u597d\uff0c\u4f46\u662f\u4f9d\u7136\u7275\u5f3a\uff0c\u6bd4\u5982\u5230\u5e95\u600e\u4e48\u6d17\u8111\u7684\uff1f\u4ee5\u53ca\u6210\u54c1\u623f\u5e73\u9762\u56fe\u6ca1\u6709\u66f4\u5408\u7406\u7684\u8bbe\u8ba1\u5417\uff1f\u6545\u610f\u8981\""\u5b55\u80b2\u9ed1\u6697\""\uff1f\u2014\u2014\u770b\u5230\u6709\u7eef\u4ed3\u793e\u957f\u867d\u7136***\uff08\u4e0d\u5267\u900f\uff09\uff0c\u4f46\u662f\u8fd8\u662f\u5584\u826f\u4e13\u4e00\uff08\uff1f\uff09\u7684\u65e0\u8111\u8a00\u8bba\uff0c\u901a\u901a\u6253\u5305\u6eda\u3002""}, {""userNmae"": ""miniflan"", ""start"": 4, ""bookId"": 6, ""userId"": 16, ""createTime"": ""2025-04-21"", ""content"": ""\u88ab\u5acc\u5f03\u7684\u516b\u91cd\u5b50\u7684\u4e00\u751f""}, {""userNmae"": ""Tity"", ""start"": 4, ""bookId"": 6, ""userId"": 13, ""createTime"": ""2025-04-05"", ""content"": ""\u597d\u770b\uff0c\u5185\u5bb9\u6bd41\u548c\u602a\u753b\u66f4\u4e30\u5bcc\u4e86\uff0c\u5199\u4f5c\u624b\u6cd5\u4e5f\u8fdb\u6b65\u4e86\u5f88\u591a\uff0c\u56e0\u4e3a\u662f\u559c\u6b22\u7684\u8bd1\u8005\uff0c\u8bfb\u8d77\u6765\u987a\u7545\u8212\u670d\uff0c\u611f\u67d3\u529b\u5f3a\u3002\u4f5c\u8005\u5bf9\u5b97\u6559\u6027\u7684\u4eea\u5f0f\u611f\u5f88\u6709\u6267\u5ff5\uff0c\u89d2\u8272\u6709\u4e9b\u6241\u5e73\u5316\uff0c\u5982\u679c\u5728\u4eba\u7269\u4e0a\u80fd\u8d4b\u4e88\u7075\u9b42\u5c06\u66f4\u4e0a\u4e00\u5c42\u697c\u3002""}, {""userNmae"": ""\u53d1\u53d1\u6d6e\u8776"", ""start"": 3, ""bookId"": 6, ""userId"": 2, ""createTime"": ""2025-04-16"", ""content"": ""\u6709\u70b9\u7275\u5f3a\u554a\uff0c\u5b55\u80b2\u9ed1\u6697\u7684\u5bb6\u4e5f\u6ca1\u6709\u89e3\u91ca""}]"
7,小说,活着,https://img9.doubanio.com/view/subject/s/public/s29869926.jpg,余华,作家出版社,2012-8,191,28,9.4,"[77.6, 20.0, 2.1, 0.2, 0.1]",,https://book.douban.com/subject/4913064/,2014-07-27,204013,"[{""userNmae"": ""\u5415\u6297\u7f8e"", ""start"": 5, ""bookId"": 7, ""userId"": 14, ""createTime"": ""2015-07-21"", ""content"": ""\u6709\u4e9b\u65f6\u5019\u6211\u771f\u60f3\u5199\u70b9\u8fd9\u6837\u7684\u6587\u7ae0\uff0c\u770b\u5b8c\u4eba\u5bb6\u7684\u4e1c\u897f\u4ee5\u540e\u4f60\u624d\u77e5\u9053\u81ea\u5df1\u5199\u7684\u6709\u591a\u80a4\u6d45\u3002""}, {""userNmae"": ""-\u8def\u4eba\u541b-"", ""start"": 4, ""bookId"": 7, ""userId"": 51, ""createTime"": ""2014-10-22"", ""content"": ""\u6b63\u5982\u4f5c\u8005\u81ea\u5df1\u6240\u8a00\uff0c\u53ea\u6709\u4ece\u7b2c\u4e00\u4eba\u79f0\u7684\u6765\u5199\u624d\u4e0d\u53ef\u4ee5\u60b2\u60e8\u3002\u53ea\u6709\u81ea\u5df1\u624d\u80fd\u8ba9\u751f\u6d3b\u5145\u6ee1\u671f\u5f85\u3002""}, {""userNmae"": ""\u5343\u5bfb\uff5cScorpio"", ""start"": 4, ""bookId"": 7, ""userId"": 99, ""createTime"": ""2013-08-20"", ""content"": ""\u4f59\u534e\u7b14\u4e0b\u7684\u7cbe\u5f69\uff0c\u662f\u4ed6\u6ca1\u6709\u5e9f\u8bdd\u3002\u4e00\u4e2a\u4eba\u4e3a\u4e4b\u4e00\u751f\u7684\u8dcc\u5b95\u8d77\u4f0f\uff0c\u50cf\u662f\u4e00\u8258\u7834\u70c2\u7684\u5c0f\u8239\u6323\u624e\u5728\u72c2\u98ce\u66b4\u96e8\u7684\u5927\u6d77\u91cc\uff0c\u4f46\u8fd9\u5374\u662f\u5f88\u591a\u5e74\u4ee5\u6765\u4e2d\u56fd\u519c\u6c11\u7684\u5199\u7167\uff1a\u9690\u5fcd\u3002\u6709\u5e86\u4e4b\u6b7b\u8ba9\u6211\u96be\u8fc7\u4e86\u597d\u4e00\u9635\uff0c\u4e8c\u559c\u7684\u54ed\u53c8\u8ba9\u6211\u5fc3\u91cc\u4e00\u51c9\uff0c\u6240\u6709\u7684\u60b2\u5267\u5e76\u4e0d\u662f\u4e00\u4e2a\u4eba\u7684\u547d\u4e0d\u597d\uff0c\u800c\u662f\u8ba9\u4eba\u611f\u53d7\u5230\u201c\u6d3b\u7740\u201d\u672c\u8eab\u5c31\u662f\u4e00\u79cd\u529b\u91cf\uff0c\u4f60\u4ee5\u4e3a\u662f\u547d\u8fd0\u9009\u62e9\u4e86\u4f60\uff0c\u4f46\u4f60\u80fd\u9009\u62e9\u4eba\u751f\u6001\u5ea6\u3002""}, {""userNmae"": ""\u4e00\u767e\u4e03"", ""start"": 5, ""bookId"": 7, ""userId"": 67, ""createTime"": ""2014-11-25"", ""content"": ""\u798f \u3002\u8d35""}, {""userNmae"": ""\u62ce\u5317\u95f2\u95f2\u6ca1\u4ee3\u5fd7"", ""start"": 5, ""bookId"": 7, ""userId"": 85, ""createTime"": ""2014-07-27"", ""content"": ""\u8bfb\u8d77\u6765\u592a\u987a\u7545\uff0c\u7ecf\u5178\u5c31\u662f\u7ecf\u5178""}]"
8,小说,油炸绿番茄,https://img3.doubanio.com/view/subject/s/public/s34720942.jpg,[美] 范妮·弗拉格,北京时代华文书局,2024-2,424,59,8.7,"[58.5, 31.9, 8.4, 0.8, 0.3]",➣一间守护正义的咖啡馆，一份超越时间的女性情谊！➣《杀死一只知更鸟》作者哈珀·李盛赞！➣《油炸绿番茄》同名改编电影豆瓣8.8分，两位奥斯卡影后凯西·贝茨+杰西卡·坦迪主演➣畅销北美近40年，让人念念不忘的治愈之书！人到中年的伊夫琳忍受着婚姻的疲倦和生活的无趣。偶然间，陪同丈夫去养老院看望婆婆时，伊夫琳认识了妮妮，一个孤单的絮 叨的86岁老太太。陷入暴食怪圈的伊夫琳一边和妮妮分享零食甜点，一边听妮妮支离破碎地讲起50多年前一个名叫汽笛镇的小镇故事……当顽劣活泼的“假小子”艾姬遇上淑女露丝，她便知道自己遇到了人生中最重要的人。目睹露丝婚后遭遇家暴，艾姬和朋友们奋力救出露丝，又把露丝的儿子视若己出。她和露丝一同开了一家咖啡馆，招牌菜是油炸绿番茄。汽笛镇的人形形色色，叽叽喳喳的主妇们、梳着油头的男士们、身为佣仆的黑人、蓬头垢面的流浪汉，全都...,https://book.douban.com/subject/36473837/,2024-06-10,2697,"[{""userNmae"": ""\u8def\u6613N\u4e16"", ""start"": 5, ""bookId"": 8, ""userId"": 18, ""createTime"": ""2024-07-11"", ""content"": ""\u8fd9\u65e0\u7591\u662f\u4e00\u4e2a\u4ee4\u4eba\u601d\u7eea\u4e07\u5343\u7684\u6545\u4e8b\uff0c\u5374\u6682\u65f6\u53ea\u80fd\u957f\u8bdd\u77ed\u8bf4\u3002\u6211\u559c\u6b22\u7684\u4e0d\u4ec5\u4ec5\u662f\u59ae\u59ae\u6240\u8bb2\u8ff0\u7684\u90a3\u4e2a\u65f6\u4ee3\u4eba\u4eec\u7684\u6545\u4e8b\uff0c\u66f4\u662f\u4f0a\u8299\u7433\u901a\u8fc7\u8fd9\u4e9b\u6545\u4e8b\u627e\u56de\u81ea\u5df1\u521d\u5fc3\u7684\u611f\u52a8\u3002\u6700\u540e\u4f0a\u8299\u7433\u524d\u5f80\u59ae\u59ae\u7684\u5893\u524d\u63a2\u671b\u5979\uff0c\u5b9e\u5728\u5fcd\u4e0d\u4f4f\u4e86\u545c\u545c\u3002\u5979\u4eec\u8fd9\u79cd\u5fd8\u5e74\u4e4b\u4ea4\u7684\u611f\u60c5\uff0c\u771f\u7684\u4ee4\u4eba\u7fa1\u6155\u3002\u660e\u660e\u8ba4\u8bc6\u5f97\u4e0d\u4e45\uff0c\u5374\u611f\u89c9\u76f8\u8bc6\u4e86\u4e00\u8f88\u5b50\u3002\u5c24\u5176\u662f\u901a\u8fc7\u59ae\u59ae\u7684\u53d9\u8ff0\uff0c\u6c7d\u7b1b\u9547\u7684\u90a3\u4e9b\u4eba\u4eec\u597d\u50cf\u90fd\u6d3b\u751f\u751f\u5730\u7ad9\u5728\u4e86\u5979\u7684\u9762\u524d\uff0c\u90fd\u50cf\u662f\u591a\u5e74\u672a\u89c1\u7684\u8001\u53cb\u4e00\u6837\u4e86\u3002\u5979\u660e\u767d\u4e86\uff0c\u4e16\u754c\u662f\u4e0d\u516c\u5e73\u7684\uff0c\u800c\u5979\u4f9d\u65e7\u9700\u8981...""}, {""userNmae"": ""\u7533\u540d\u5229"", ""start"": 5, ""bookId"": 8, ""userId"": 45, ""createTime"": ""2024-07-24"", ""content"": ""\u201c\u6211\u7684\u827e\u59ec\u662f\u4e2a\u5fa1\u8702\u4eba\u201d\u201c\u6211\u6c38\u751f\u96be\u5fd8\uff0c\u4f60\u7684\u670b\u53cb\uff0c\u5fa1\u8702\u4eba\u201d""}, {""userNmae"": ""\u5c0f\u522b"", ""start"": 5, ""bookId"": 8, ""userId"": 5, ""createTime"": ""2025-03-13"", ""content"": ""\u4e0a\u73ed\u7684\u65f6\u5019\u5077\u5077\u8dd1\u5230\u5395\u6240\u4e00\u8fb9\u54ed\u4e00\u8fb9\u770b\u5b8c\u6700\u540e\u4e94\u5341\u9875\u3002\u4e00\u4e2a\u50cf\u661f\u9732\u8c37\u4e00\u6837\u7f8e\u597d\u7684\u5c0f\u9547\uff0c\u5b58\u5728\u7740\u6c38\u6052\u4e14\u575a\u5b9a\u7684\u7231\u3002\u4ec5\u4ec5\u662f\u8bfb\u5b8c\uff0c\u90fd\u89c9\u5f97\u548c\u4e66\u91cc\u7684\u6240\u6709\u4eba\u6210\u4e3a\u4e86\u670b\u53cb\u3002\u827e\u59ec\uff0c\u4f60\u4f1a\u5982\u4f55\u8bb2\u8ff0\u4f60\u7684\u4e00\u751f\u5462\uff1f\u6c7d\u7b1b\u9547\u7684\u706b\u8f66\u662f\u4e0d\u662f\u5f00\u53bb\u5929\u5802\u7ee7\u7eed\u8fd0\u884c\u4e86\u5462\uff1f\u6b7b\u4ea1\u662f\u4e0d\u662f\u53e6\u4e00\u79cd\u56de\u5bb6\u5462\uff1f""}, {""userNmae"": ""\u86cb\u5976\u661f\u661f"", ""start"": 5, ""bookId"": 8, ""userId"": 18, ""createTime"": ""2024-07-19"", ""content"": ""\u597d\u597d\u770b\u554a\uff01\u770b\u5b8c\u5c31\u548c\u4f0a\u8299\u7433\u4e00\u6837 \u4e5f\u597d\u50cf\u662f\u8ba4\u8bc6\u4e86\u6c7d\u7b1b\u9547\u4e0a\u7684\u6bcf\u4e00\u4e2a\u4eba \u592a\u559c\u6b22\u59ae\u59ae\u4e86 \u6700\u540e\u66f2\u7ec8\u4eba\u6563\u4e86\u5f88\u4f24\u611f\u4e5f\u5f88\u611f\u52a8 \u975e\u5e38\u6cbb\u6108\u7684\u4e00\u6bb5\u9605\u8bfb\u4e4b\u65c5""}, {""userNmae"": ""\u8011\u70b9"", ""start"": 5, ""bookId"": 8, ""userId"": 11, ""createTime"": ""2024-06-10"", ""content"": ""\u770b\u5b8c\u7535\u5f71\u6765\u8865\u539f\u8457\uff0c\u5728\u5c0f\u8bf4\u6700\u540e\u5fcd\u4e0d\u4f4f\u7206\u54ed\u3002\u56e0\u4e3a\u5728\u56fe\u4e66\u9986\u91cc\uff0c\u53ea\u80fd\u5b89\u9759\u5f97\u6d41\u6cea\u6d41\u9f3b\u6d95\uff0c\u53ef\u662f\u98a4\u6296\u662f\u65e0\u6cd5\u63a9\u9970\u7684\u3002\n\u53d9\u4e8b\u7ed3\u6784\u592a\u7cbe\u5999\u4e86\uff0c\u7ffb\u8bd1\u592a\u6d41\u7545\u4e86\uff0c\u592a\u7f8e\u597d\u4e86\u3002\n\u6240\u6709\u7684\u4e00\u5207\u4e00\u5207\uff0c\u90fd\u662f\u90a3\u4e48\u7684\u5b8c\u7f8e\u3002\nBBC\u80fd\u4e0d\u80fd\u4e70\u4e2a\u7248\u6743\u6309\u7167\u4e66\u518d\u62cd\u4e00\u904d\u554a\uff0c\u770b\u5b8c\u4e66\u624d\u53d1\u89c9\u7535\u5f71\u8fd8\u662f\u6ca1\u6709\u5b8c\u5168\u5448\u73b0\u3002\n\u6c7d\u7b1b\u9547\u5728\u6211\u5fc3\u91cc\u6c38\u5b58\u3002""}]"
9,小说,悉达多,https://img1.doubanio.com/view/subject/s/public/s29396368.jpg,[德] 赫尔曼·黑塞,天津人民出版社,2017-1,144,32,9.2,"[66.9, 25.4, 6.4, 0.9, 0.4]",《悉达多》并非是佛陀的故事，它讲述了一个人的一生，千万寻常人亦会经历的一生。意气风发的少年郎，常认为自己是被命运选中的人。抛下过去，随了跌跌撞撞的步伐，找寻心中的声音，追逐名利，经历友情，品尝爱情。不同的是，悉达多一生追求的是生命的圆融统一，看似宏大，确是每个人无法回 避的问题。黑塞的语言是充满诗性的，正如本书副题“一首印度的诗”，因不得而知的原因，此副题在前人所出版本中都被回避了。为了尽可能表现黑塞的诗意，我们选择从德文直译，尽管我们的译文不能完全实现这种诗意，但其诗的本性与精神显而易见。本书地位在前人的版本中已被反复强调——亨利·米勒的最爱；影响了包括电台司令在内的许多名人雅士；在六十年代美国掀起过阅读黑塞的热潮，大学生们人手一册等等。但如书中成为摆渡人的悉达多所述，智慧无法分享，它可以被发现，被体验。所以倘若你碰巧遇到了这本小书，请细...,https://book.douban.com/subject/26980487/,2017-12-19,57082,"[{""userNmae"": ""ReddyChen"", ""start"": 2, ""bookId"": 9, ""userId"": 87, ""createTime"": ""2024-03-21"", ""content"": ""\u5b9e\u5728\u96be\u4ee5\u5f62\u5bb9\u8fd9\u672c\u4e66\u7a76\u7adf\u597d\u770b\u5728\u54ea\u91cc\uff0c\u4f5b\u7956\u9760\u767d\u5ad6\u8d77\u5bb6\uff0c\u5c0f\u9547\u9752\u5e74\u610f\u6deb\u53f2\u3002\u8fd9\u672c\u4e66\u552f\u4e00\u7684\u4f18\u70b9\u7684\u662f\uff0c\u5e78\u4e8f\u5185\u5bb9\u4e0d\u957f\u3002""}, {""userNmae"": ""\u7406\u5495\u5495"", ""start"": 2, ""bookId"": 9, ""userId"": 93, ""createTime"": ""2024-06-12"", ""content"": ""\u505a\u7537\u4eba\u771f\u597d\u554a\uff0c\u505a\u9ed1\u585e\u4e66\u91cc\u7684\u7537\u4eba\u5c24\u5176\u597d\uff0c\u766b\u516c\u7684\u666e\u4fe1\u4f1a\u88ab\u7f8e\u5316\u6210\u4e00\u5f80\u65e0\u524d\u7684\u81ea\u4fe1\uff0c\u6027\u9a9a\u6270\u4f1a\u88ab\u7f8e\u5316\u6210\u8bda\u5b9e\u9762\u5bf9\u81ea\u5df1\u7684\u6b32\u671b\uff0c\u770b\u4e0d\u4e0a\u7684\u5973\u4eba\u5c31\u662f\u201c\u4e00\u53ea\u76ee\u5149\u8ff7\u79bb\u7684\u53d1\u60c5\u6bcd\u517d\u201d\uff0c\u6f02\u4eae\u7684\u540d\u5993\u5c31\u662f\u201c\u4e00\u5f20\u9753\u4e3d\u3001\u5a07\u67d4\u3001\u806a\u6167\u7684\u8138\u201d\u3002\u751a\u81f3\u5f53\u4f60\u60f3\u8981\u6000\u7591\u8fd9\u672c\u4e66\u65f6\uff0c\u4e5f\u4f1a\u56e0\u4e3a\u5176\u201c\u540d\u8457\u201d\u7684\u5934\u8854\u611f\u5230\u6000\u7591\u81ea\u5df1\uff0c\u7136\u800c\u6211\u5c31\u8981\u8bf4\uff0c\u770b\u8fd9\u672c\u4e66\u5c31\u50cf\u5728\u53d1\u73b0\u5c4e\u548c\u91d1\u5b50\u4e4b\u95f4\u53cd\u590d\u6a2a\u8df3\uff0c\u56e0\u4e3a\u6240\u8c13\u7684\u201c\u4eba\u201d\u7684\u8ffd\u6c42\u81ea\u6211\uff0c\u201c\u4eba\u201d\u4e2d\u5e76\u4e0d\u5305\u62ec\u5973\u4eba\uff0c\u5f53\u5973\u4eba\u9605\u8bfb\u4e2d\u611f\u5230\u611f\u52a8\u548c\u987f\u609f\uff0c\u5979\u4eec\u4f1a...""}, {""userNmae"": ""rushbread"", ""start"": 5, ""bookId"": 9, ""userId"": 66, ""createTime"": ""2017-06-29"", ""content"": ""\u59dc\u4e59\uff0c\u4f55\u65b9\u795e\u5723\uff1f\u7ffb\u8bd1\u5730\u65e0\u4e0e\u4f26\u6bd4\u3002""}, {""userNmae"": ""Atropos\u7684\u6e38\u96bc"", ""start"": 1, ""bookId"": 9, ""userId"": 48, ""createTime"": ""2022-03-19"", ""content"": ""\u50b2\u6162\u3001\u72ed\u9698\u8fd8\u9e21\u8d3c\u3002\r\r\u5973\u4eba\u5728\u672c\u4e66\u4e2d\u51e0\u4e4e\u53ea\u662f\u6027\u7b26\u53f7\u548c\u80ce\u5668\u3002\u524d\u9762\u4e3a\u4e86\u8868\u73b0\u51fa\u6089\u8fbe\u591a\u7684\u8d85\u51e1\u8131\u4fd7\u3001\u4e0d\u6cbe\u4eba\u6b32\uff0c\u5c31\u5199\u4ed6\u4e00\u770b\u5973\u4eba\u5c31\u51b7\u6de1\uff1b\u540e\u9762\u4e00\u89c1\u7f8e\u4e3d\u7684\u8fe6\u6469\u7f57\uff0c\u6068\u4e0d\u5f97\u7acb\u5730\u4e0e\u5979\u4ea4\u6b22\u3002\u4e00\u4e2a\u4e00\u65e0\u6240\u6709\u7684\u6797\u4e2d\u6c99\u95e8\u901a\u8fc7\u8fe6\u6469\u7f57\u6210\u4e3a\u4e86\u4e00\u4e2a\u5bcc\u5546\uff0c\u6700\u540e\u8fd8\u5e73\u767d\u5f97\u4e86\u4e2a\u5341\u591a\u5c81\u7684\u513f\u5b50\u3002\u4e3a\u4e86\u987a\u7406\u6210\u7ae0\u5730\u8ba9\u6089\u8fbe\u591a\u4e3a\u513f\u5b50\u75db\u82e6\u4e00\u9635\uff0c\u5c31\u975e\u8981\u8ba9\u8fe6\u6469\u7f57\u53bb\u6b7b\uff0c\u4ee5\u5979\u7684\u751f\u547d\u4e3a\u732e\u796d\uff0c\u6210\u5c31\u6089\u8fbe\u591a\u7684\u5b8c\u6ee1\u3002\u5982\u679c\u7537\u89d2\u8272\u4e5f\u906d\u4e86\u548c\u5973\u89d2\u8272\u5dee\u4e0d\u591a\u7684\u5229\u7528\u548c\u8650\u5f85\uff0c\u6211\u624d\u61d2\u5f97\u63ea\u7740\u8fd9\u70b9\u4e0d\u653e\uff0c...""}, {""userNmae"": ""\u6625\u82b1"", ""start"": 5, ""bookId"": 9, ""userId"": 39, ""createTime"": ""2017-12-19"", ""content"": ""\u201c\u4f60\u5e76\u4e0d\u7231\u6211\uff0c\u4e5f\u4e0d\u7231\u4efb\u4f55\u4eba\u201d\u5728\u6b64\u4e4b\u524d\u7684\u6089\u8fbe\u591a\u548c\u5200\u950b\u4e2d\u7684\u62c9\u91cc\u50cf\u5f88\u662f\u540c\u4e00\u4e2a\u4eba\u3002""}]"
10,小说,明亮的夜晚,https://img3.doubanio.com/view/subject/s/public/s34577743.jpg,[韩]崔恩荣,台海出版社,2023-8,296,64,9.0,"[64.2, 28.7, 6.3, 0.6, 0.2]",我有一个愿望，想写一写妈妈或祖母，很久以前生活在这片土地上的女性的故事。一部女性版的《活着》，四代女性的友谊、抗争、泪水与欢笑韩国最大网络书店22万读者票选“2021年度之书”第29届大山文学奖获奖作，天才作家崔恩荣首部长篇小说！女人们不再是仅供同情、怜悯的角色，也不再是装饰男人壮丽生活的配角。她们是自己，生如草芥，彼此搀扶，尽全身之力对抗荒诞的时代。-------------------和丈夫离婚后，三十一岁的我独自来到海边小城熙岭，却在那里邂逅多年未见的祖母。尴尬和沉默之后，孤独的心一点点靠近，我和祖母成为相互倾吐心声的朋友。在祖母家老屋的旧相册里，我发现一位和我长相非常相似的女子，依偎在少女时代的祖母身旁。一个个鲜活的面孔逐渐从一张张黑白相片中，从一封封感人至深的书信中，从久远的回忆里，穿过女人生如飘萍、命如草芥的时代，走到我面...,https://book.douban.com/subject/36457094/,2024-04-21,23020,"[{""userNmae"": ""MoonSertraline"", ""start"": 5, ""bookId"": 10, ""userId"": 21, ""createTime"": ""2024-07-27"", ""content"": ""\u6ca1\u6709\u4e00\u4e2a\u4e1c\u4e9a\u5973\u8bfb\u8fd9\u672c\u4e66\u4e0d\u4f1a\u6d41\u6cea \u5973\u6027\u7684\u4eba\u751f\u88ab\u7537\u6027\u5206\u5272 \u7136\u540e\u4e00\u751f\u90fd\u5728\u9ed8\u9ed8\u5c1d\u8bd5\u62fc\u51d1\u8fd9\u4e9b\u788e\u7247 \u6211\u4eec\u5b66\u5386\u53f2 \u7537\u6027\u7684\u75db\u82e6\u662f\u4ec0\u4e48 \u662f\u8d1f\u5c48\u542b\u51a4 \u662f\u6210\u738b\u8d25\u5bc7 \u662f\u6000\u624d\u4e0d\u9047 \u662f\u58ee\u5fd7\u672a\u916c \u662f\u82f1\u96c4\u8fdf\u66ae \u662f\u4e00\u5c06\u529f\u6210\u4e07\u9aa8\u67af \u90a3\u51e0\u4e4e\u4ece\u672a\u88ab\u8bb0\u8f7d\u8fc7\u7684\u5973\u6027\u7684\u75db\u82e6\u5462 \u662f\u5b58\u5728\u672c\u8eab \u662f\u670d\u4ece \u662f\u5fcd\u8010 \u662f\u65e0\u6cd5\u63a5\u7eb3\u7684\u81ea\u5df1 \u88ab\u538b\u6291\u7684\u60c5\u611f \u53ea\u80fd\u63a5\u53d7\u7684\u4e0d\u516c \u9700\u8981\u81ea\u5df1\u6d88\u5316\u7684\u75db\u82e6 \u660e\u660e\u89c1\u8fc7\u5149\u660e\u5374\u5fc5\u987b\u8981\u820d\u5f03 \u7136\u540e\u6c89\u9ed8\u7740\u8d70\u8fdb\u6c38\u6052\u7684\u9ed1\u591c \u4e3a\u4e86\u8ba9\u81ea\u5df1\u80fd\u591f\u6d3b\u4e0b\u53bb\u800c...""}, {""userNmae"": ""\u80d6\u5357\u74dc\u8d85\u4eba"", ""start"": 2, ""bookId"": 10, ""userId"": 54, ""createTime"": ""2024-01-18"", ""content"": ""\u60c5\u611f\u4e0a\u4e0d\u5982\u79cb\u56ed\u6765\u7684\u771f\u631a\uff0c\u6587\u5b57\u4e0a\u53ef\u4ee5\u8bf4\u6beb\u4e0d\u8bb2\u7a76\uff0c\u5927\u6bb5\u7684\u53e3\u8bed\u3002\u5bf9\u4e8e\u7ec6\u8282\u7684\u63cf\u8ff0\u53ef\u4ee5\u8bf4\u51e0\u4e4e\u6ca1\u6709\uff0c\u5bf9\u4e8e\u60c5\u611f\u7684\u8868\u8fbe\u57fa\u672c\u9760\u76f4\u8ff0\uff0c\u5979\u5f88\u96be\u8fc7\uff0c\u5979\u5f88\u5f00\u5fc3\u3002\u5b9e\u5728\u4f69\u670d\u8fd9\u672c\u4e66\u7684\u8425\u9500\uff0c\u662f\u4e0d\u662f\u53ea\u8981\u5973\u6027\u7684\u6545\u4e8b\uff0c\u62ab\u4e0a\u5973\u6027\u4e3b\u4e49\u7684\u5916\u8863\uff0c\u6545\u4e8b\u662f\u7cdf\u7cd5\u7684\u7537\u6027\u4e0e\u4e92\u52a9\u7684\u5973\u6027\uff0c\u5c31\u62e5\u6709\u4e86\u65e0\u6bd4\u7684\u6b63\u786e\u6027\uff0c\u53ef\u4ee5\u6b63\u786e\u5230\u65e0\u89c6\u8bed\u8a00\uff0c\u65e0\u89c6\u60c5\u8282\uff0c\u65e0\u89c6\u7ed3\u6784\u7684\u65e0\u7406\u7531\u7684\u597d\u3002""}, {""userNmae"": ""\u4e54\u5cf0"", ""start"": 4, ""bookId"": 10, ""userId"": 7, ""createTime"": ""2023-10-04"", ""content"": ""\u5f88\u77ed\u7684\u7bc7\u5e45\u5199\u4e86\u56db\u4ee3\u5973\u4eba\u3002\u5e0c\u671b\u770b\u5230\u7535\u5f71\u3002""}, {""userNmae"": ""\u6c88\u5165\u5fd8\ud83c\udf1f"", ""start"": 5, ""bookId"": 10, ""userId"": 48, ""createTime"": ""2023-12-06"", ""content"": ""\u771f\u631a\u6e29\u67d4\u7684\u6587\u5b57\uff0c\u60b2\u4f24\u65e0\u5948\u7684\u5e95\u8272\uff0c\u8bfb\u5f97\u6211\u51e0\u6b21\u843d\u6cea\u3002\u5973\u6027\u771f\u597d\u554a\uff0c\u5973\u6027\u4e5f\u771f\u96be\u554a\u3002\u5e0c\u671b\u6697\u591c\u4e4b\u540e\u4f1a\u6709\u5149\u660e\uff0c\u5982\u679c\u6ca1\u6709\uff0c\u90a3\u5c31\u6210\u4e3a\u81ea\u5df1\u7684\u70ac\u706b\u3002""}, {""userNmae"": ""\u903b\u8f91\u602a\u4eba"", ""start"": 5, ""bookId"": 10, ""userId"": 62, ""createTime"": ""2024-04-21"", ""content"": ""\u201c\u53ef\u662f\uff0c\u4e3a\u4ec0\u4e48\u6211\u6124\u6012\u7684\u7bad\u5934\u603b\u662f\u6307\u5411\u5988\u5988\u5462\uff1f\u4e3a\u4ec0\u4e48\u4e0d\u662f\u5411\u7740\u90a3\u4e9b\u8ba9\u5988\u5988\u9009\u62e9\u5c48\u670d\u7684\u4eba\u5462\uff1f\u5982\u679c\u6211\u5728\u548c\u5988\u5988\u4e00\u6837\u7684\u73af\u5883\u4e2d\u957f\u5927\uff0c\u6211\u80af\u5b9a\u4f1a\u505a\u51fa\u548c\u5979\u4e0d\u540c\u7684\u9009\u62e9\u5417\uff1f\u6211\u80fd\u50cf\u81ea\u5df1\u60f3\u7684\u90a3\u822c\u7406\u76f4\u6c14\u58ee\u5417\uff1f\u6211\u8bd5\u7740\u628a\u81ea\u5df1\u653e\u5230\u5988\u5988\u7684\u4f4d\u7f6e\u4e0a\uff0c\u7ed3\u679c\u53d1\u73b0\u81ea\u5df1\u6839\u672c\u65e0\u6cd5\u56de\u7b54\u8fd9\u4e2a\u95ee\u9898\u3002\u201d \u5bf9\u554a\uff0c\u6709\u65f6\u5019\u81ea\u5df1\u7684\u6124\u6012\u6765\u7684\u592a\u7406\u6240\u5f53\u7136\u4e86\u3002\u6bd4\u8d77\u5c0f\u65f6\u5019\u662f\u6709\u6210\u957f\u7684\uff0c\u5bf9\u6bcd\u4eb2\u591a\u4e86\u4e00\u4efd\u7406\u89e3\u548c\u5c0a\u91cd\uff0c\u4e0d\u8fc7\u5728\u5979\u8bd5\u56fe\u60f3\u7981\u9522\u6211\u7684\u65f6\u5019\u4ecd\u7136\u611f\u5230\u5d29\u6e83\uff0c\u60c5\u7eea\u8017\u7aed\u3002""}]"
11,小说,雪的练习生,https://img9.doubanio.com/view/subject/s/public/s35087494.jpg,[日] 多和田叶子,译林出版社,2025-3,284,68,8.2,"[34.2, 47.8, 14.8, 2.9, 0.4]",当代最接近诺贝尔奖的日本女作家，童话笔调速写“冷战”下的奇妙人生.【编辑推荐】❄️继夏目漱石《我是猫》猫眼看人间后，多和田叶子披上熊皮，栖身于苏联和德国的马戏团、作家协会、书店、动物园……讲述那时的会议、天气、三文鱼，还有人类的男男女女。❄️当代Zui接近诺贝尔文学奖的日本女作家，以童话的笔调，速写“冷战”大历史下的奇妙人生。.【内容介绍】我是一只北极熊，曾经是莫斯科的“马戏之花”，受伤退役后写起了回忆录。我把作品投稿给杂志，竟让自己踏上了流亡的旅途。西柏林的稿纸白得就像故乡的冰原，我提笔写下未出世的女儿和外孙的名字，故事便自动向未来发展了下去……“无人肯听的故事就像敞着口子的洞，我被吸进那里，消失不见。”——局内人幻化为局外“熊”，隔着厚厚的皮毛感受有墙和没有墙的柏林；时代剧变就像一场大雪，那么轻，又那么重。.【名人推荐】多和...,https://book.douban.com/subject/37081406/,2025-03-08,447,"[{""userNmae"": ""\u53f6\u5357\u58f0"", ""start"": 5, ""bookId"": 11, ""userId"": 84, ""createTime"": ""2025-03-19"", ""content"": ""\u5929\u9a6c\u884c\u7a7a\u7684\u60f3\u8c61\uff0c\u7ec6\u817b\u800c\u6734\u7d20\u7684\u6587\u5b57\uff0c\u9012\u8fdb\u5374\u53c8\u4ea4\u7ec7\u7684\u60c5\u8282\u5b89\u6392\u3002\u5728\u53ef\u7231\u4e0e\u53ef\u601c\u4e2d\uff0c\u4ee5\u718a\u7684\u89c6\u89d2\u7167\u89c1\u4eba\u7c7b\u81ea\u6211\u3002""}, {""userNmae"": ""kilig"", ""start"": 3, ""bookId"": 11, ""userId"": 2, ""createTime"": ""2025-05-11"", ""content"": ""\u5be1\u6de1\u65e0\u5473""}, {""userNmae"": ""\u266c CaR"", ""start"": 5, ""bookId"": 11, ""userId"": 19, ""createTime"": ""2025-03-23"", ""content"": ""\u597d\u4e45\u6ca1\u6709\u8fd9\u79cd\u611f\u89c9\u4e86\u2014\u2014\u8bfb\u7684\u65f6\u5019\u60f3\uff0c\u201c\u597d\u5e0c\u671b\u8fd9\u672c\u4e66\u662f\u6211\u5199\u7684\u554a\u201d\u3002\u7528\u5317\u6781\u718a\u7684\u53e3\u543b\uff0c\u8ba9\u4f60\u89c9\u5f97\u73b0\u5b9e\u903b\u8f91\u5b8c\u5168\u4e0d\u5fc5\u5b58\u5728\uff1a\u718a\u5982\u4f55\u80fd\u4e0e\u4eba\u4ea4\u8c08\uff0c\u5982\u4f55\u5f00\u4f1a\uff0c\u5982\u4f55\u5750\u98de\u673a\uff0c\u5982\u4f55\u5199\u4f5c\uff0c\u5fcd\u4e0d\u4f4f\u601d\u8003\u8fd9\u4e9b\u7684\u4eba\u5728\u4e66\u4e2d\u7f9e\u6127\u5730\u4f4e\u4e0b\u4e86\u5934\u3002\u4f5c\u5bb6\u7528\u6587\u5b57\u7684\u7075\u6c14\u548c\u53d9\u8ff0\u89d2\u5ea6\u7684\u81ea\u7136\u8f6c\u5316\uff0c\u8ba9\u6545\u4e8b\u50cf\u7cd6\u878d\u5316\u5728\u820c\u5c16\u4e00\u822c\u4e1d\u6ed1\u800c\u751c\u871c\u3002\u6211\u81ea\u5df1\u8ba4\u4e3a\u6700\u6709\u8da3\u7684\u662f\uff0c\u4e09\u4ee3\u5317\u6781\u718a\u5728\u865a\u6784\u548c\u73b0\u5b9e\u7684\u7a7f\u884c\uff0c\u5b8f\u89c2\u5230\u5386\u53f2\u53d8\u8fc1\u3001\u653f\u6cbb\u9690\u55bb\uff0c\u5fae\u89c2\u5230\u8bed\u8a00\u7684\u7ec6\u5fae\u5dee\u5f02\u3001\u4eba\u7684\u6210\u957f\u4e0e\u66a7\u6627\u5fc3\u601d\u3002\u5230\u4e86\u7ed3\u5c3e...""}, {""userNmae"": ""Lily"", ""start"": 5, ""bookId"": 11, ""userId"": 72, ""createTime"": ""2025-03-25"", ""content"": ""\ud83d\udc4d\ud83d\udc4d\ud83d\udc4d\u9884\u8ba2\u5e74\u5ea6\u6700\u4f73\u4e86\uff0c\u5f88\u597d\u5947\u4f5c\u8005\u7684\u80cc\u666f \u5bf9\u82cf\u5fb7\u5f80\u4e8b\u771f\u7684\u597d\u61c2\u554a\u554a\u554a\u554a\u554a""}, {""userNmae"": ""\u9e21\u72d7\u817f\u5b50"", ""start"": 5, ""bookId"": 11, ""userId"": 93, ""createTime"": ""2025-03-08"", ""content"": ""\u591a\u548c\u7530\u53f6\u5b50\u5973\u58eb\uff0c\u4f60\u914d\u5f97\u4e0a\u4e16\u754c\u4e0a\u6240\u6709\u6700\u6781\u7aef\u7684\u8d5e\u7f8e\uff01\uff01\uff01\u6587\u5b66\u5973\u795e\u53ea\u9700\u5fae\u5fae\u51fa\u624b\uff0c\u5c31\u80fd\u7ed9\u6211\u7b49\u51e1\u4eba\u5e26\u6765\u65e0\u4e0e\u4f26\u6bd4\u7684\u98a4\u6817\u4e0e\u611f\u52a8\u3002\u600e\u4e48\u4f1a\u6709\u8fd9\u4e48\u5929\u624d\u7684\u7b14\u89e6\uff0c\u63cf\u7ed8\u51fa\u4e00\u4e2a\u4f60\u4e0e\u6211\u3001\u4eba\u4e0e\u718a\u3001\u6027\u522b\u4e0e\u65f6\u95f4\u5168\u90e8\u6a21\u7cca\u4e86\u8fb9\u7f18\u7684\u6545\u4e8b\uff1b\u600e\u4e48\u4f1a\u6709\u8fd9\u4e48\u9b54\u9b3c\u7684\u7ed3\u6784\uff0c\u73b0\u5728\u5373\u662f\u672a\u6765\u3001\u6211\u5199\u4f60\u5373\u662f\u4f60\u5199\u6211\u3001\u7b2c\u4e09\u4eba\u79f0\u5373\u662f\u7b2c\u4e00\u4eba\u79f0\uff0c\u6bcf\u7bc7\u90fd\u85cf\u7740\u4e00\u9897\u7cbe\u5fc3\u8bbe\u8ba1\u7684\u7206\u5f39\u5728\u4e0d\u7ecf\u610f\u95f4\u7efd\u88c2\uff0c\u800c\u6211\u5c31\u8fd9\u6837\u88ab\u591a\u548c\u7530\u53f6\u5b50\u7684\u6587\u5b57\u6e38\u620f\u73a9\u5f04\u5230\u5f81\u670d\u3002\u300a\u6b7b\u4ea1\u4e4b\u543b\u300b\u5f88\u597d\u975e\u5e38\u597d\u8d85\u7ea7\u65e0\u654c\u597d\uff0c\u4f60\u8fdb...""}]"
12,小说,流俗地,https://img3.doubanio.com/view/subject/s/public/s33884123.jpg,[马来西亚] 黎紫书,北京十月文艺出版社,2021-4,476,55,9.2,"[64.6, 29.5, 5.1, 0.6, 0.2]",《亚洲周刊》2020年十大小说  华语文学的惊喜收获王德威×王安忆 倾力推荐   “黎紫书为当代马华文学注入几分少见的温情”《流俗地》以马来西亚锡都，被居民喊作“楼上楼”的小社会拉开序幕。讲述其中市井小民的俗务俗事，迂回曲折的情节，仿佛召唤生命中至关重要的小事。在“楼上楼”的他们如风中之烛，看似脆弱实则强韧，一旦离开，便流落于人海各自漂流；仿佛走的那一日也意味着困境已渡，人生到了宽敞地，再不需要人相濡以沫。作者融合热带国度的风土民情、政治时局，人们追忆往事，每翻开一页象是自己被时光推到了局外，旁观着当年的自己。这里的雨下得频繁，人生不少重要的事好像都是在雨中发生。那些记忆如今被掀开来感觉依然湿淋淋，即便干了，也像泡了水的书本，纸张全荡起波纹，难以平复。马来锡都世俗小城里的平淡生活，数十年历史深处的一众卑微生命。个人命运的创伤与徙家流落，不...,https://book.douban.com/subject/35430425/,2022-01-29,14107,"[{""userNmae"": ""\u5341\u4e2a\u8c46\u6c99\u8272"", ""start"": 3, ""bookId"": 12, ""userId"": 91, ""createTime"": ""2024-04-26"", ""content"": ""\u4e3a\u4ec0\u4e48\u4e00\u5b9a\u8981\u7ed9\u94f6\u971e\u5b89\u6392\u88ab\u5f3a\u66b4\uff1f\u4e3a\u4e86\u8ba9\u8fd9\u4e2a\u793e\u4f1a\u5e95\u5c42\u7684\u76f2\u5973\u770b\u4e0a\u53bb\u66f4\u60e8\u66f4\u60f9\u4eba\u540c\u60c5\u548c\u601c\u60dc\uff1f""}, {""userNmae"": ""\u62d0\u5b50\u6d41\u661f\u9524"", ""start"": 5, ""bookId"": 12, ""userId"": 58, ""createTime"": ""2021-08-03"", ""content"": ""\u6545\u4e8b\u5f88\u5438\u5f15\u4eba\uff0c\u6839\u672c\u505c\u4e0d\u4e0b\u6765\uff0c\u6574\u4f53\u4e0a\u786e\u5b9e\u7a33\u3002\u8fd9\u7a33\u6765\u81ea\u4f5c\u8005\u7684\u771f\u8bda\u548c\u8001\u7ec3\u3002\u53d9\u4e8b\u4e0a\u7a7f\u63d2\u91cd\u53e0\u8fd0\u7528\u5de7\u5999\uff0c\u8bed\u8a00\u4e5f\u6ce8\u91cd\u97f5\u5f8b\uff0c\u6253\u78e8\u7cbe\u5230\uff0c\u662f\u4ece\u65e7\u5c0f\u8bf4\u91cc\u5f97\u6765\u7684\u529f\u592b\uff0c\u4f46\u662f\u5e76\u4e0d\u5356\u5f04\u3002\u53ea\u662f\u5c11\u4e86\u4e00\u70b9\u6253\u7834\u4f20\u7edf\u7684\u529b\u91cf\uff0c\u5c31\u8bf4\u89c4\u89c4\u77e9\u77e9\u5427\u3002\u524d\u9762\u5bb6\u957f\u91cc\u77ed\u770b\u5f97\u6d25\u6d25\u6709\u5473\uff0c\u4f46\u662f\u540e\u9762\u6536\u5c3e\u4e0d\u597d\uff0c\u987e\u8001\u5e08\u7684\u51fa\u73b0\u7ed9\u4eba\u4e00\u79cd\u4e0d\u771f\u5b9e\u611f\uff0c\u8ba9\u524d\u9762\u7684\u6ca7\u6851\u6e3a\u832b\u5ffd\u7136\u8d25\u7ed9\u4e86\u67d0\u4e2a\u5177\u4f53\u7684\u5bbf\u547d\uff0c\u6cc4\u6c14\uff0c\u94f6\u971e\u5f53\u7136\u53ef\u4ee5\u5e78\u798f\uff0c\u4f46\u8fd9\u5e78\u798f\u4e0d\u80fd\u662f\u4e00\u79cd\u5de7\u5b89\u6392\u3002\u53ef\u80fd\u4f5c\u8005\u5b9e\u5728\u4e0d\u613f\u8349\u8349\u6536\u573a\uff0c\u6700\u540e\u4e00\u53cd...""}, {""userNmae"": ""\u9ece\u7d2b\u4e66"", ""start"": 5, ""bookId"": 12, ""userId"": 3, ""createTime"": ""2021-06-15"", ""content"": ""\u4f5c\u4e3a\u8fd9\u5c0f\u8bf4\u7684\u7b2c\u4e00\u4e2a\u8bfb\u8005\u3002\u6211\u8981\u8bf4\uff0c\u8fd9\u662f\u4e00\u672c\u597d\u4e66\u3002""}, {""userNmae"": ""\u6853\u6d1b"", ""start"": 5, ""bookId"": 12, ""userId"": 29, ""createTime"": ""2021-08-24"", ""content"": ""\u9ece\u7d2b\u4e66\u7684\u540e\u8bb0\u5f88\u5c16\u9510\u7684\u6307\u51fa\u4e86\u4e24\u5cb8\u6587\u5b66\u7684\u5f0a\u7aef\u2014\u2014\u5927\u9646\u8ff7\u4fe1\u5b57\u6570\uff0c\u51e0\u767e\u4e07\u5b57\u7684\u53d9\u4e8b\u6742\u4e71\u53c8\u81ea\u4ee5\u4e3a\u662f\uff0c\u50cf\u6ce8\u6c34\u732a\u8089\uff1b\u53f0\u6e7e\u6587\u5b66\u671d\u7740\u7a7a\u6cdb\u7684\u5f62\u5f0f\u5954\u8dd1\uff0c\u70ab\u6280\u9ad8\u8d85\u5374\u6ca1\u6709\u592a\u591a\u6545\u4e8b\u6027\u2014\u2014\u53cd\u800c\u9a6c\u534e\u6587\u5b66\u672a\u53d7\u51e0\u5341\u5e74\u524d\u4e2d\u534e\u672c\u571f\u98ce\u4e91\u53d8\u5e7b\u7684\u4fb5\u6270\uff0c\u5728\u5939\u7f1d\u4e2d\u6c42\u751f\u5b58\uff0c\u6fc0\u53d1\u51fa\u4e86\u534e\u6587\u6587\u5b66\u5728\u5f62\u5f0f\u4e0a\u6291\u6216\u5185\u5bb9\u4e0a\u7684\u65b0\u9896\u3002\u5b9e\u8bdd\u8bf4\u6765\uff0c\u300a\u6d41\u4fd7\u5730\u300b\u662f\u4e00\u9f13\u4f5c\u6c14\u7545\u5feb\u7684\u8bfb\u5b8c\u7684\uff0c\u770b\u5b8c\u4e4b\u540e\u5bf9\u5f53\u4ee3\u5927\u9646\u6587\u5b66\u4e2a\u4eba\u5316\u5199\u4f5c\u98ce\u9761\u4e4b\u540e\u7684\u8d2b\u4e4f\u8d8a\u6765\u8d8a\u538c\u6076\u3002\u9ece\u7d2b\u4e66\u5e76\u6ca1\u6709\u5199\u4ec0\u4e48\u5947\u602a\u7684\u6545\u4e8b\uff0c\u91cc\u9762\u7684...""}, {""userNmae"": ""\u4e54\u5cf0"", ""start"": 5, ""bookId"": 12, ""userId"": 86, ""createTime"": ""2022-01-29"", ""content"": ""\u4f60\u77e5\u9053\u4eba\u662f\u8fd9\u6837\u51fa\u751f\uff0c\u5404\u81ea\u9886\u53d7\u547d\u8fd0\u3002\u4f60\u4f1a\u5e86\u5e78\u6709\u7684\u4eba\u662f\u778e\u7684\u3002\u9ed1\u6697\u906e\u853d\u65e5\u5934\u5e95\u4e0b\u9648\u65e7\u7684\u6076\u4e8b\u3002\u9ed1\u6697\u5e26\u6765\u5b89\u5168\u3002""}]"
13,小说,百年孤独,https://img1.doubanio.com/view/subject/s/public/s27237850.jpg,[哥伦比亚] 加西亚·马尔克斯,南海出版公司,2011-6,360,39,9.3,"[70.4, 23.7, 5.1, 0.5, 0.3]",,https://book.douban.com/subject/6082808/,2011-09-26,125638,"[{""userNmae"": ""Tennyson"", ""start"": 4, ""bookId"": 13, ""userId"": 69, ""createTime"": ""2011-12-05"", ""content"": ""\u6211\u7684\u7761\u524d\u8bfb\u7269\uff0c\u786e\u5b9e\u8d77\u5230\u4e86\u5f88\u597d\u7684\u50ac\u7720\u6548\u679c\uff0c\u6bcf\u5f53\u6211\u7ea0\u7f20\u4e8e\u8fd9\u4e2a\u5965\u96f7\u5229\u4e9a\u8bfa\u662f\u54ea\u4e2a\u5965\u96f7\u5229\u4e9a\u8bfa\u7684\u65f6\u5019\u5c31\u5026\u610f\u88ad\u6765\u5012\u5934\u5c31\u7761\u3002\u524d\u534a\u672c\u7684\u65f6\u5019\u8fd8\u52c9\u5f3a\u80fd\u641e\u6e05\u695a\u4ed6\u4eec\u5bb6\u7684\u590d\u6742\u5173\u7cfb\uff0c\u540e\u6765\u5c31\u5f7b\u5e95\u653e\u5f03\u4e86\uff0c\u6211\u5df2\u7ecf\u4e0d\u5728\u4e4e\u89d2\u8272\u4e4b\u95f4\u7684\u5173\u7cfb\uff0c\u5c31\u4e13\u6ce8\u4e8e\u60c5\u8282\u597d\u4e86\uff0cWELL\uff0c\u4e00\u4e9b\u9690\u55bb\u5440\u4e4b\u7c7b\u7684\u8fd8\u7b97\u770b\u660e\u767d\u4e86\u3002\u4f46\u6211\u771f\u662f\u70e6\u554a\u2026\u2026\u4ed6\u4eec\u5bb6\u4eba\u641e\u5f97\u795e\u5947\u7684\u8fc7\u5f97\u82e6\u7684\uff0c\u7279\u522b\u662f\u4e4c\u5c14\u82cf\u62c9\u3002""}, {""userNmae"": ""\u98de\u884c\u5b98\u5c0f\u5317"", ""start"": 5, ""bookId"": 13, ""userId"": 27, ""createTime"": ""2012-03-26"", ""content"": ""\u5927\u5b66\u65f6\u8349\u8349\u770b\u8fc7\uff0c\u8fd9\u6b21\u662f\u7b2c\u4e8c\u904d\uff0c\u987a\u5e26\u81ea\u5236\u4e00\u5f20\u5e03\u6069\u8fea\u4e9a\u5bb6\u65cf\u8c31\u3002\u8fd9\u672c\u4e66\u7684\u795e\u5947\u4e4b\u5904\u5728\u4e8e\uff0c\u770b\u5b8c\u50cf\u662f\u6d3b\u4e86\u4e00\u4e16\u7eaa\u4e4b\u4e45\uff0c\u4e00\u4e2a\u4eba\u3002""}, {""userNmae"": ""Gala"", ""start"": 5, ""bookId"": 13, ""userId"": 23, ""createTime"": ""2013-05-04"", ""content"": ""\u5e86\u5e78\u662f\u5728\u621122\u5c81\u7684\u65f6\u5019\u8bfb\u5230\uff0c\u6ca1\u6709\u592a\u665a""}, {""userNmae"": ""\u5e7d\u7bc1"", ""start"": 3, ""bookId"": 13, ""userId"": 55, ""createTime"": ""2011-09-26"", ""content"": ""\u4e3a\u4ec0\u4e48\u6211\u89c9\u5f97\u4e0d\u597d\u770b\u5462\uff1f\u662f\u4e0d\u662f\u6211\u6ca1\u6587\u5316\u770b\u4e0d\u61c2\u554a\uff01""}]"
14,小说,初步举证,https://img9.doubanio.com/view/subject/s/public/s35115315.jpg,[澳] 苏茜·米勒,四川人民出版社,2025-3,368,49,8.7,"[56.5, 35.2, 6.6, 0.7, 1.0]",→朱迪·科默主演、奥利弗与托尼双料大奖舞台剧《初步举证》原作小说，深刻探讨女性权益与司法公正的震撼之作，《纽约时报》《出版人周刊》诚挚推荐！→从初步举证到进入终审的782天里究竟发生了什么？本书相较于舞台话剧收录了丰富的剧情细节，不仅包含细腻的心理描写，还有其求学经历及家庭情况的刻画，正是这些构筑起了精英女律师泰莎，而她的人生又是如何被性侵事件彻底击碎，读者可以从中完整地看见泰莎的困境。→泰莎是“是三分之一，也是千千万万！”写给每一个在父权阴影下挣扎的女性——“看看你的左边，再看看你的右边。我同样支离破碎，但仍站在这里，而且永不沉默。”......我希望能想象到有一条自发联结的女人网络在和你说——“如果你曾经历过这样的事，这本书会告诉你，这不是你的耻辱。”——苏西·米勒媒体推荐*这部小说就像舞台剧一样。米勒通过充实原本仅有100分钟的独角...,https://book.douban.com/subject/37254350/,2025-03-17,679,"[{""userNmae"": ""YouKnowWhoIAm"", ""start"": 5, ""bookId"": 14, ""userId"": 70, ""createTime"": ""2025-05-11"", ""content"": ""\u770b\u770b\u4f60\u7684\u5de6\u8fb9\uff0c\u518d\u770b\u770b\u4f60\u7684\u53f3\u8fb9\u3002""}, {""userNmae"": ""\u5f20\u591a\u8438\ud83c\udf40"", ""start"": 5, ""bookId"": 14, ""userId"": 89, ""createTime"": ""2025-03-11"", ""content"": ""\u6bd4\u8f83\u5b8c\u6574\uff0c\u8bdd\u5267\u6ca1\u6709\u5c55\u73b0\u7684\u5b66\u751f\u65f6\u4ee3\u548c782\u5929\u91cc\u7684\u4e8b\u60c5\u3002\u6211\u4eec\u8981\u4e00\u76f4\u505a\u4e0b\u53bb\uff0c\u76f4\u5230\u4ed6\u4eec\u4e0d\u80fd\u89c6\u800c\u4e0d\u89c1""}, {""userNmae"": ""Roise"", ""start"": 5, ""bookId"": 14, ""userId"": 20, ""createTime"": ""2025-04-28"", ""content"": ""\u60f3\u7740\u6709\u7535\u5f71\u603b\u6709\u5c0f\u8bf4\uff0c\u8fd8\u662f\u5148\u770b\u4e66\u518d\u770b\u5267\u3002\u660e\u663e\u611f\u89c9\u4e66\u91cc\u4f5c\u8005\u6316\u4e86\u8bb8\u591a\u5751\uff0c\u4f8b\u5982\u5973\u4e3b\u5e76\u4e0d\u662f\u5b8c\u7f8e\u53d7\u5bb3\u8005\uff0c\u751a\u81f3\u5728\u5f53\u5f8b\u5e08\u65f6\u8f7b\u89c6\u88ab\u5bb3\u8005\u3001\u4e3a\u81ea\u5df1\u8d62\u5f97\u6027\u4fb5\u65e0\u7f6a\u8fa9\u62a4\u6cbe\u6cbe\u81ea\u559c\uff0c\u4f5c\u8005\u5df2\u7ecf\u6316\u597d\u4e86\u5751\uff0c\u7b49\u5f85\u5973\u6027\u538c\u5973\u8005\u5f80\u91cc\u8df3\uff0c\u5b8c\u6210\u8bfb\u8005\u53cd\u9988\u7684\u53cc\u91cd\u5199\u4f5c\u3002""}, {""userNmae"": ""\u8fc7\u4e00\u7ad9\u6930\u5976\u7ca5\ud83d\udd16"", ""start"": 5, ""bookId"": 14, ""userId"": 4, ""createTime"": ""2025-03-17"", ""content"": ""\u770b\u5230\u6700\u540e\u773c\u6cea\u6389\u4e86\u4e0b\u6765\uff0c\u6cf0\u838e\u786e\u5b9e\u5728\u6cd5\u5ead\u4e0a\u8f93\u4e86\uff0c\u4f46\u5979\u8ba9\u6210\u5343\u4e0a\u4e07\u7684\u62e5\u6709\u8fc7\u4e0d\u597d\u7ecf\u5386\u7684\u5973\u6027\u770b\u5230\u4e86\u5149\u660e\uff0c\u201c\u661f\u706b\u7ec8\u5c06\u70b9\u71c3\u9ed1\u591c\u201d\uff0c\u6cf0\u838e\u3001\u8a79\u5a1c\u3001\u7c73\u5a05\u3001\u5988\u5988\u2026\u2026\u6bcf\u4f4d\u5973\u6027\u90fd\u5728\u4e3a\u4e86\u5171\u540c\u7684\u672a\u6765\u5c3d\u529b\u505a\u5230\u6700\u597d\n\u4e9a\u5f53\u662f\u5f88\u597d\u7684\u4eba\uff0c\u54e5\u54e5\u5176\u5b9e\u4e5f\u662f\u5f88\u597d\u7684\u4eba\u3002\u4e66\u7c4d\u4e0d\u5982\u620f\u5267\u6709\u5f20\u529b\uff0c\u7136\u800c\u66f4\u80fd\u5199\u660e\u767d\u4e00\u4e2a\u4eba\u771f\u6b63\u7684\u5185\u5fc3\uff0c\u6ca1\u6709\u4eba\u662f\u6241\u5e73\u5316\u7684\uff0c\u6731\u5229\u5b89\u66f4\u52a0\u53ef\u6068\uff0c\u6cf0\u838e\u66f4\u52a0\u4f1f\u5927""}]"
15,小说,一句顶一万句,https://img9.doubanio.com/view/subject/s/public/s34289066.jpg,刘震云,花城出版社,2022-8,620,68,9.0,"[61.7, 31.2, 6.1, 0.7, 0.2]",,https://book.douban.com/subject/36062390/,2022-11-12,8252,"[{""userNmae"": ""\u738b\u7acb\u51ac"", ""start"": 5, ""bookId"": 15, ""userId"": 25, ""createTime"": ""2022-11-19"", ""content"": ""\u51fa\u5ef6\u6d25\u7684\u662f\u6768\u767e\u987a\u3001\u662f\u6768\u6469\u897f\u3001\u662f\u5434\u6469\u897f\u3001\u662f\u7f57\u957f\u793c\uff0c\u4e3a\u5de7\u73b2\uff1b\u56de\u5ef6\u6d25\u7684\u5374\u662f\u725b\u7231\u56fd\uff0c\u4e3a\u66f9\u9752\u5a25\u3002\u51fa\u8d70\u56fe\u4e00\u4e2a\u5fc3\u5b89\uff0c\u5f52\u6765\u540c\u6837\u6c42\u5fc3\u5b89\u3002\u53ef\u80fd\u80fd\u9876\u4e00\u4e07\u53e5\u7684\u90a3\u53e5\u8bdd\u5c31\u662f\u201c\u65e5\u5b50\u662f\u8fc7\u4ee5\u540e\uff0c\u4e0d\u662f\u8fc7\u4ece\u524d\u201d\u3002\u4f46\u4e0d\u7ba1\u662f\u5434\u6469\u897f\u8fd8\u662f\u725b\u7231\u56fd\uff0c\u90fd\u6ca1\u653e\u8fc7\u4ece\u524d\u3002""}, {""userNmae"": ""Luna"", ""start"": 3, ""bookId"": 15, ""userId"": 5, ""createTime"": ""2022-11-16"", ""content"": ""\u4e0d\u77e5\u9053\u4e3a\u4ec0\u4e48\uff0c\u6211\u770b\u8fd9\u5c0f\u8bf4\u603b\u6709\u79cd\u5237\u77ed\u89c6\u9891\u7684\u611f\u89c9\u3002\u4eff\u4f5b\u4ece\u54ea\u4e00\u4e2a\u6bb5\u843d\u63d2\u4e0a\u53bb\u76f4\u63a5\u770b\u90fd\u884c\uff0c\u7136\u540e\u770b\u5b8c\u4e86\u5c31\u50cf\u4e00\u4e2a\u77ed\u89c6\u9891\u5212\u8fc7\u53bb\u4e86\uff0c\u7136\u540e\u8111\u888b\u7a7a\u7a7a\u5982\u4e5f\uff0c\u4ec0\u4e48\u6536\u83b7\u4e5f\u6ca1\u6709\u3002\u800c\u4e14\u4f5c\u8005\u6bcf\u4e2a\u7247\u6bb5\u90fd\u4e8b\u65e0\u5de8\u7ec6\u5730\u201c\u4e00\u4e94\u4e00\u5341\u201d\u5730\u53d9\u8ff0\uff0c\u8ba9\u4eba\u538c\u5026\u5230\u60f3\u628a\u4f5c\u8005\u62c9\u8fc7\u6765\u6253\u4e00\u987f\u3002\u4e0d\u559c\u6b22\u3002\n\u5173\u952e\u8bcd\uff1a\u300a\u4e00\u53e5\u9876\u4e00\u4e07\u53e5\u300b\uff1b\u201c\u8bf4\u5f97\u7740\u201d\u4e0e\u201c\u8bf4\u4e0d\u7740\u201d\uff1b\u5bfb\u627e\uff1b\u6545\u4e8b\u62d0\u4e2a\u5f2f\uff0c\u5c31\u548c\u4e4b\u524d\u7684\u63a5\u4e0d\u4e0a\uff0c\u4eba\u751f\u88ab\u5076\u7136\u6027\u51b3\u5b9a\uff0c\u62d0\u4e2a\u5f2f\u4e5f\u5c31\u9519\u8fc7\u4e86\u3002""}, {""userNmae"": ""\u6816\u8fdf"", ""start"": 2, ""bookId"": 15, ""userId"": 37, ""createTime"": ""2023-02-15"", ""content"": ""\u7537\u51dd\u5473\u513f\u592a\u51b2\u4e86\uff0c\u4e00\u5230\u5973\u6027\u4eba\u7269\u7684\u90e8\u5206\u5c31\u770b\u5f97\u76f4\u76b1\u7709\u3002\u53d9\u4e8b\u98ce\u683c\u4e5f\u4e0d\u592a\u559c\u6b22\uff0c\u62c9\u6742\u62d6\u6c93\uff0c\u800c\u4e14\u4eff\u4f5b\u53ea\u4f1a\u8bf4\u4e00\u53e5\u201c\u4e0d\u662f\u2026\u2026\u800c\u662f\u2026\u2026\u201d\u3002\u770b\u5b8c\u5fcd\u4e0d\u4f4f\u8981\u7eb3\u95f7\u8fd9\u5e2e\u4e2d\u5e74\u7537\u6027\u4f5c\u5bb6\u5fc3\u91cc\u7684\u201c\u4e61\u571f\u201d\u5230\u5e95\u662f\u4e2a\u5565\u3002\u770b\u4e4b\u524d\u4ee5\u4e3a\u8fd9\u672c\u4e66\u662f\u6807\u9898\u91cc\u7684\u201c\u4e00\u53e5\u201d\uff0c\u770b\u5b8c\u624d\u77e5\u9053\u5b83\u662f\u6807\u9898\u91cc\u7684\u90a3\u201c\u4e00\u4e07\u53e5\u201d\u3002""}, {""userNmae"": ""Diane"", ""start"": 5, ""bookId"": 15, ""userId"": 79, ""createTime"": ""2024-03-23"", ""content"": ""39\u4e07\u5b57\uff0c\u5f88\u591a\u201c\u4e0d\u662f\u2026\u800c\u662f\u2026\u201d\u7684\u53e5\u5b50\uff0c\u4f46\u4e5f\u6ca1\u89c9\u7740\u5570\u55e6\u3002\u5927\u7ea6\u5218\u9707\u4e91\u4e5f\u662f\u7ed9\u8bfb\u8005\u4e00\u5c42\u4e00\u5c42\u7801\u653e\u5427\u3002""}, {""userNmae"": ""Mia"", ""start"": 5, ""bookId"": 15, ""userId"": 82, ""createTime"": ""2022-11-12"", ""content"": ""\u8981\u60f3\u627e\u4e00\u4e2a\u80fd\u8bf4\u4e0a\u8bdd\u7684\u4eba\u591a\u96be\u5440\uff0c\u8981\u627e\u4e00\u4e2a\u4e00\u8f88\u5b50\u90fd\u80fd\u8bf4\u4e0a\u8bdd\u7684\u4eba\u66f4\u96be\u3002\u6240\u4ee5\u96be\u8fc7\u60f3\u4e0d\u901a\u7684\u65f6\u5019\uff0c\u6211\u5b81\u53ef\u8eb2\u5728\u4e66\u672c\u91cc\uff0c\u548c\u4f5c\u8005\u5bf9\u8bdd\uff0c\u548c\u89d2\u8272\u5bf9\u8bdd\u3002""}]"
16,小说,沧城,https://img3.doubanio.com/view/subject/s/public/s35085702.jpg,阿措,云南人民出版社,2025-2,314,59,8.7,"[52.3, 36.9, 10.0, 0.5, 0.2]",《沧城》是阿措原创的首部长篇小说。故事发生在沧城，一座云南横断山脉褶皱中的小城，曾经的滇西北粮仓、茶马古道重镇，充斥着来自中原的儒家文化和边地神秘的乡野民俗。书中流露着滇西北群山间独特气息与小县城市井烟火。沧城出了一件大事，仙婆子死了。大家奔走相告，而“我”童年的鬼魅幻梦就此醒来。《沧城》也正是从这位真假难辨的神婆之死，引出滇西北小县城里的芸芸众生——一辈子不婚的“斋姑娘”，为了家庭生计独自走马帮的“女赶马”…这些女人没有被生活赋予选择，却用强悍的生命力，为自己谋求一份生路。《沧城》打捞着这座西南小城的民间传说，呈现着女人们的生与死、爱与痛，作者以不落窠臼的叙事、赤诚而热烈的声音，向我们讲述了命运的荒诞奇诡与真实酷烈。尤其是，当“水仙”被掳去荒蛮的山野，当土匪的伢子，父亲去世时要她活下去。如何活？——跟天学。天让你活，你就活。从姑娘到神婆，从山...,https://book.douban.com/subject/37212430/,2025-03-03,621,"[{""userNmae"": ""\u5c0f\u54b8\u53bb\u6563\u6b65\ud83c\udf19"", ""start"": 5, ""bookId"": 16, ""userId"": 25, ""createTime"": ""2025-03-17"", ""content"": ""\u4e00\u53e3\u6c14\u8bfb\u5b8c\uff0c\u6070\u5230\u597d\u5904\u7684\u964c\u751f\u8bed\u8a00\uff0c\u8fb9\u5730\u4e30\u9976\u7684\u6587\u5316\u8272\u5f69\u3002\u6700\u52a8\u4eba\u7684\u662f\uff0c\u91cc\u9762\u4eba\u7269\u7684\u81ea\u7531\u611f\uff0c\u5173\u4e4e\u81ea\u7136\uff0c\u5173\u4e4e\u7075\u9b42\u3002\u9648\u656c\u4ed9\u5728\u6253\u9e70\u5c71\u6708\u591c\u674f\u82b1\u6eaa\u6c34\u8fb9\uff0c\u770b\u5230\u7684\u6c34\u4ed9\uff0c\u662f\u5c71\u95f4\u7cbe\u7075\ud83e\uddda\u200d\u2640\ufe0f\u3002\u56de\u5230\u6ca7\u57ce\u7684\u4ed9\u5a46\u5b50\u66f4\u50cf\u4e2a\u65e0\u53ef\u5948\u4f55\u7684\u6e38\u620f\u9ad8\u624b\u3002\u5973\u8d76\u9a6c\u6700\u81ea\u7531\u7684\u65f6\u95f4\u4ea6\u662f\u4e00\u4e2a\u4eba\u4e00\u5339\u9a6c\u72ec\u884c\u5728\u9ad8\u5c71\u9669\u5cfb\u7684\u8336\u9a6c\u53e4\u9053\u65f6\u3002\u8fd9\u4e9b\u5973\u4eba\uff0c\u8ff7\u4eba\u800c\u5947\u5d1b\u7684\u4e16\u754c\uff0c\u6253\u5f00\u4e86\u4e00\u79cd\u65b0\u7684\u5c0f\u8bf4\u53d9\u4e8b\u3002\u671f\u5f85\u963f\u63aa\u7684\u65b0\u4f5c\uff0c\u671f\u5f85\u6ca7\u57ce\u7684\u7b2c\u4e8c\u672c\u3001\u7b2c\u4e09\u672c\u2026\u2026""}, {""userNmae"": ""\u4e8c\u73af\u4e09\u73af\u7275\u7275\u624b"", ""start"": 5, ""bookId"": 16, ""userId"": 63, ""createTime"": ""2025-03-29"", ""content"": ""\u81ea\u6765\u6c34\uff0c\u5199\u7684\u771f\u7684\u5f88\u597d""}, {""userNmae"": ""\u77f3\u7bc1\u5c45\u4e3b\u4eba"", ""start"": 4, ""bookId"": 16, ""userId"": 47, ""createTime"": ""2025-03-29"", ""content"": ""\u7c97\u7c9d\u3001\u91ce\u6027\u4e4b\u98ce\u56de\u8361\u5728\u8fb9\u5730\u4eba\u6587\u666f\u89c2\u573a\u57df\uff0c\u6c34\u4ed9\u3001\u658b\u59d1\u5a18\u3001\u5973\u8d76\u9a6c\uff0c\u906d\u53d7\u4e0d\u540c\u9762\u5411\u7684\u60b2\u5267\u6027\u65f6\u4ee3\u547d\u8fd0\uff0c\u5404\u81ea\u6d3b\u6cd5\u53c8\u5177\u5907\u4e86\u5973\u6027\u575a\u97e7\u7684\u5171\u6027\u3002\u6b63\u5982\u4f5c\u8005\u6700\u540e\u201c\u5979\u4eec\u7ec8\u4f1a\u64e6\u5e72\u81ea\u5df1\u6240\u6709\u7684\u773c\u6cea\u201d\uff0c\u5373\u662f\u4e3a\u5305\u62ec\u6ca7\u57ce\u7684\u5929\u4e0b\u5973\u6027\u6240\u505a\u7684\u5450\u558a\u3002\u5c0f\u8bf4\u6ca1\u6709\u523b\u610f\u5f20\u626c\u5973\u6027\u548c\u77ee\u5316\u7537\u6027\uff0c\u7136\u4ed9\u5a46\u548c\u91d1\u51e4\u665a\u5e74\u7686\u201c\u544a\u522b\u4e86\u201d\u5979\u4eec\u773c\u4e2d\u66fe\u95ea\u70c1\u5149\u8292\u7684\u656c\u5148\u3002\u7ec8\u4e8e\uff0c\u6d3b\u4e86\u4e00\u751f\uff0c\u5404\u81ea\u660e\u767d\u4e86\u5973\u6027\u4e0d\u4f9d\u6043\u7537\u6027\u800c\u6d3b\u7684\u771f\u8c1b\uff01\u4f5c\u8005\u501f\u6587\u5b66\u4f5c\u54c1\u672c\u8eab\u7684\u5185\u7701\u6027\uff0c\u8d4b\u4e88\u6b64\u79cd\u5173\u6000\u7684\u6df1\u523b\u548c\u8574\u85c9\uff0c\u8fd9\u79cd\u514b...""}, {""userNmae"": ""\u6625\u6c5f\u82b1\u6708"", ""start"": 5, ""bookId"": 16, ""userId"": 57, ""createTime"": ""2025-03-24"", ""content"": ""\u867d\u7136\u6211\u5173\u6ce8\u963f\u63aa\u591a\u5e74\uff0c\u8fd8\u4e70\u8fc7\u963f\u63aa\u7684\u9e21\u679e\u6cb9\u5403\uff0c\u4f46\u8fd95\u661f\u4e0d\u63ba\u4e00\u4e01\u70b9\u7684\u53cb\u60c5\u5206\uff0c\u7eaf\u7cb9\u662f\u963f\u63aa\u592a\u4f1a\u5199\u4e86\uff01\u8fd9\u672c\u4e66\u56f4\u7ed5\u7740\u6ca7\u57ce\uff08\u4eca\u4e3d\u6c5f\u6c38\u80dc\u53bf\uff09\u7684\u5e74\u5e74\u5c81\u5c81\u6c9f\u6c9f\u58d1\u58d1\uff0c\u5199\u4e86\u4ed9\u5a46\u5b50\u3001\u8868\u7237\u7237\u3001\u91d1\u51e4\u3001\u9648\u656c\u5148\u3001\u5c0f\u76ae\u5320\u2026\u2026\u5947\u5e7b\u8be1\u8c32\u7684\u4e00\u751f\uff0c\u5145\u6ee1\u91ce\u6027\u548c\u751f\u547d\u529b\u7684\u6587\u5b57\u6293\u7740\u6211\u4e00\u5929\u5c31\u8bfb\u5b8c\u4e86\u3002\u8bfb\u5b8c\u75f4\u75f4\u5446\u5446\uff0c\u5927\u68a6\u4e00\u573a\uff0c\u4eba\u751f\u600e\u4e48\u8fc7\u4e0d\u662f\u8fc7\uff0c\u4e0d\u77e5\u9053\u600e\u4e48\u6d3b\uff0c\u5c31\u5b66\u9e1f\u517d\u9c7c\u866b\u7684\u6d3b\u6cd5\u3002""}, {""userNmae"": ""\u4eb2\u7231\u7684\u963f\u63aa"", ""start"": 5, ""bookId"": 16, ""userId"": 80, ""createTime"": ""2025-03-03"", ""content"": ""\u8fd9\u662f\u6211\u5199\u7684\uff01\u6211\u7ed9\u81ea\u5df1\u625b\u5927\u65d7\uff0c\u6211\u7ed9\u81ea\u5df1\u6253\u4e94\u661f\uff01""}]"
17,小说,暗处的女儿,https://img3.doubanio.com/view/subject/s/public/s34782512.jpg,[意大利] 埃莱娜·费兰特,人民文学出版社,2024-4,160,45,8.8,"[47.2, 42.7, 9.0, 0.8, 0.2]",三年零三十六天 一个母亲的逃离和回归玛吉•吉伦哈尔改编同名电影，奥利维亚•科尔曼倾情主演《暗处的女儿》是我发表的所有小说中，最让我痛苦，也是和我联系最密切的。——埃莱娜·费兰特黛莉亚、奥尔加、勒达经历了不同形式的爱，在各种变故的冲击之下，她们的爱发生了变形，但还 是保留着强劲的能量，那是经历了考验、痛彻心扉的爱，是活生生的。——埃莱娜·费兰特————在两个女儿跟随父亲去了多伦多后，中年离异的勒达一个人去海边度假，在沙滩上，她遇到年轻的母亲尼娜和女儿埃莱娜，勒达和这对幸福的母女产生了一种复杂的依恋。勒达故意拿走了埃莱娜遗忘在沙滩上的布娃娃，让尼娜的生活陷入彻底的混乱。十五年前，一个叫比兰达的英国女人在勒达无望的生活中出现过几个小时，彻底改变了勒达的命运。十五年后，二十二岁的尼娜似乎也选择勒达来帮助自己出走，但勒达最终的坦白令她陷入恐惧。在这...,https://book.douban.com/subject/36721763/,2024-05-05,4765,"[{""userNmae"": ""L\u3002"", ""start"": 4, ""bookId"": 17, ""userId"": 7, ""createTime"": ""2024-04-19"", ""content"": ""\u7b14\u662f\u523a\u5411\u81ea\u5df1\u7684\u4e00\u628a\u624b\u672f\u5200\u3002""}, {""userNmae"": ""\u9e45\u5d3d\uff01"", ""start"": 5, ""bookId"": 17, ""userId"": 10, ""createTime"": ""2024-05-06"", ""content"": ""\u6bcd\u5973\u5173\u7cfb\u6216\u8bb8\u4ece\u5973\u513f\u5bc4\u751f\u4e8e\u6bcd\u4f53\u7684\u90a3\u4e00\u523b\u5f00\u59cb\u5c31\u6ce8\u5b9a\u5145\u6ee1\u4e86\u5bf9\u4e8e\u5f7c\u6b64\u63a0\u593a\u6027\u3002""}, {""userNmae"": ""\u7d22\u9a6c\u91cc"", ""start"": 5, ""bookId"": 17, ""userId"": 29, ""createTime"": ""2024-02-07"", ""content"": ""\u5728\u300a\u70e6\u4eba\u7684\u7231\u300b\u300a\u88ab\u9057\u5f03\u7684\u65e5\u5b50\u300b\u4e4b\u540e\u7684\u8fd9\u672c\u5185\u655b\u3001\u51dd\u7ec3\u66f4\u591a\uff0c\u662f\u4e00\u4e2a\u4f5c\u5bb6\u771f\u6b63\u79bb\u5cb8\u7684\u6807\u5fd7\u3002\u4e94\u5e74\u4e4b\u540e\u5199\u51fa\u90a3\u4e0d\u52d2\u65af\u7cfb\u5217\u7684\u7b2c\u4e00\u672c\uff0c\u4f5c\u5bb6\u7684\u6210\u719f\u63a7\u5236\u529b\u5728\u8fd9\u672c\u79cd\u5df2\u7ecf\u4ee4\u4eba\u65e0\u6cd5\u89c6\u800c\u4e0d\u89c1\u30028\u4e07\u5b57\u7684\u4f53\u91cf\uff0c\u6beb\u4e0d\u5c40\u4fc3\u5730\u8ba9\u90a3\u4e9b\u6700\u96be\u582a\u3001\u82e6\u6da9\u7684\u60c5\u611f\u548c\u4e2a\u4f53\u77ed\u5175\u76f8\u63a5\u3002\u8bf4\u4e0d\u6e05\u7b2c\u51e0\u904d\u8bfb\u4e86\uff0c\u73b0\u5728\u770b\u4e00\u904d\u8fd8\u662f\u89c9\u5f97\u5589\u5499\u53d1\u7d27\uff0c\u6b32\u54ed\u65e0\u6cea\u3002\u6625\u5929\u89c1\u3002""}, {""userNmae"": ""\u897f\u74dc\u5c0f\u592a\u840c"", ""start"": 4, ""bookId"": 17, ""userId"": 87, ""createTime"": ""2024-04-16"", ""content"": ""\u30102024.32\u3011\u60c5\u611f\u7684\u63cf\u6479\u4e0a\uff0c\u6bd4\u300a\u88ab\u9057\u5f03\u7684\u65e5\u5b50\u300b\u66f4\u52a0\u76f4\u767d\u3002\u5728\u7236\u6743\u793e\u4f1a\u957f\u5927\u7684\u5973\u4eba\uff0c\u6ce8\u5b9a\u4f1a\u5e26\u7740\u4e00\u79cd\u81ea\u6211\u77ee\u5316\u4e0e\u81ea\u6211\u538c\u6076\u7684\u60c5\u611f\uff0c\u800c\u6bcd\u4eb2\u4e0e\u5973\u513f\u7684\u5173\u7cfb\uff0c\u4e5f\u56e0\u4e3a\u538c\u5973\u5a9a\u7537\u4e0e\u6df1\u5165\u9aa8\u9ad3\u822c\u7684\u96cc\u7ade\u5fc3\u7406\uff0c\u6ce8\u5b9a\u4f1a\u5145\u6ee1\u7231\u4e0e\u5acc\u751a\u81f3\u6068\u7684\u77db\u76fe\u3002\u4e3a\u4e86\u7167\u987e\u5973\u513f\uff0c\u6bcd\u4eb2\u4e0d\u5f97\u4e0d\u653e\u5f03\u81ea\u6211\uff0c\u540c\u65f6\uff0c\u5c06\u8fd9\u79cd\u727a\u7272\u8f6c\u5316\u6210\u5ac9\u6068\u6295\u5c04\u5728\u5973\u513f\u8eab\u4e0a\uff1b\u800c\u5973\u513f\u5374\u4e0d\u80af\u671d\u7740\u6bcd\u4eb2\u6240\u671f\u5f85\u7684\u65b9\u5411\u6210\u957f\u2014\u2014\u6bcd\u4eb2\u7684\u81ea\u6211\u88ab\u767d\u767d\u5265\u593a\u3001\u6bcd\u4eb2\u7684\u727a\u7272\u56e0\u6b64\u53d8\u5f97\u4e00\u6587\u4e0d\u503c\u3002\u6240\u5e78\uff0c\u968f\u7740\u65f6\u95f4\u7684\u6d41\u901d\uff0c\u968f...""}, {""userNmae"": ""zinzin"", ""start"": 5, ""bookId"": 17, ""userId"": 4, ""createTime"": ""2024-05-05"", ""content"": ""\u51cc\u6668\u5728\u673a\u573a\u7b49\u670b\u53cb\u65f6\u770b\u5b8c\u4e86\u8fd9\u672c\u4e66\uff0c\u822a\u73ed\u665a\u70b9\uff0c\u4e0d\u77e5\u9053\u4ec0\u4e48\u65f6\u5019\u624d\u80fd\u7ed3\u675f\u3002\u770b\u7740\u91cc\u9762\u5199\u5230\u5f53\u6bcd\u4eb2\u7684\u79cd\u79cd\u7ec6\u8282\uff0c\u75b2\u60eb\uff0c\u6298\u78e8\uff0c\u714e\u71ac\uff0c\u5bf9\u81ea\u5df1\u7684\u6000\u7591\uff0c\u5bf9\u7cbe\u529b\u7684\u5265\u593a\uff0c\u5404\u79cd\u610f\u5916\u9891\u53d1\uff0c\u4e0d\u53ef\u63a7\uff0c\u6211\u60f3\u5230\u81ea\u5df1\u7edd\u5bf9\u5f53\u4e0d\u4e86\u6bcd\u4eb2\uff0c\u53ea\u662f\u6b64\u523b\u5728\u673a\u573a\u7b49\u5f85\u4e24\u5c0f\u65f6\uff0c\u7531\u6b64\u5e26\u6765\u7684\u75b2\u60eb\u548c\u5931\u63a7\u5df2\u7ecf\u8981\u6467\u6bc1\u6211\uff0c\u6211\u6839\u672c\u60f3\u8c61\u4e0d\u51fa\u6765\u5f53\u6bcd\u4eb2\u8981\u9762\u5bf9\u7684\u662f\u4ec0\u4e48\u3002""}]"
18,小说,卡拉马佐夫兄弟,https://img9.doubanio.com/view/subject/s/public/s34711695.jpg,[俄] 费奥多尔·陀思妥耶夫斯基,上海译文出版社,2015-2,985,78,9.6,"[84.0, 12.8, 2.6, 0.3, 0.3]",,https://book.douban.com/subject/25887924/,2019-11-03,15530,"[{""userNmae"": ""\u83ab\u7fa1"", ""start"": 5, ""bookId"": 18, ""userId"": 63, ""createTime"": ""2015-11-19"", ""content"": ""\u96be\u5fd8\u201c\u5b97\u6559\u5927\u6cd5\u5b98\u201d\u90a3\u4e00\u7ae0\uff0c\u8fd9\u6837\u7684\u4e66\u6bcf\u9694\u51e0\u5e74\u5e94\u8be5\u518d\u8bfb\u8bfb\uff0c\u5e94\u8be5\u4f1a\u6709\u4e0d\u540c\u4f53\u4f1a\u3002\u201c\u7f8e\u8fd9\u4e2a\u4e1c\u897f\u4e0d\u4f46\u53ef\u6015\uff0c\u800c\u4e14\u795e\u79d8\u3002\u56f4\u7ed5\u7740\u8fd9\u4e8b\u513f\uff0c\u4e0a\u5e1d\u4e0e\u9b54\u9b3c\u5728\u90a3\u91cc\u640f\u6597\uff0c\u6218\u573a\u4fbf\u5728\u4eba\u4eec\u5fc3\u4e2d\u3002\u201d""}, {""userNmae"": ""\u6210\u77e5\u9ed8"", ""start"": 5, ""bookId"": 18, ""userId"": 4, ""createTime"": ""2019-08-29"", ""content"": ""\u4f5c\u4e3a\u4e0a\u5e1d\u6700\u6770\u51fa\u7684\u4fe1\u5f92\uff0c\u9640\u7fc1\u5374\u5e38\u5e38\u901a\u8fc7\u5426\u5b9a\u7684\u5f62\u5f0f\u6765\u80af\u5b9a\u4fe1\u4ef0\u4e0e\u5b97\u6559\u7684\u529b\u91cf\uff0c\u6216\u8005\u8bf4\uff0c\u201c\u4e0a\u5e1d\u662f\u5426\u5b58\u5728\u201d\u3001\u201c\u4e0a\u5e1d\u80fd\u5426\u5e26\u6765\u6551\u8d4e\u201d\u4e5f\u4e00\u76f4\u56f0\u6270\u7740\u9640\u7fc1\uff0c\u5bf9\u4e0a\u5e1d\u7684\u80af\u5b9a\u4e0e\u5426\u5b9a\uff0c\u662f\u9640\u7fc1\u548c\u4ed6\u7b14\u4e0b\u4eba\u7269\u6fc0\u60c5\u4e0e\u75db\u82e6\u7684\u6e90\u6cc9\u3002\u800c\u6b64\u4e66\u5373\u6620\u7167\u4e86\u9640\u7fc1\u7684\u8fd9\u79cd\u72b9\u7591\u4e0e\u60f6\u60d1\uff0c\u8d28\u7591\u4e0a\u5e1d\u7684\u5fb7\u7c73\u7279\u91cc\u3001\u501f\u5b97\u6559\u5927\u6cd5\u5b98\u8bf4\u51fa\u5f02\u7aef\u90aa\u8bf4\u822c\u6e0e\u795e\u4e4b\u8bba\u7684\u4f0a\u4e07\u3001\u4e0a\u5e1d\u5fe0\u8bda\u7684\u4ec6\u4ece\u963f\u8fbd\u6c99\uff0c\u5728\u4e0a\u5e1d\u4e0e\u9b54\u9b3c\u7684\u5bf9\u5cd9\u4e4b\u95f4\uff0c\u6deb\u6b32\u4e0e\u7eaf\u6d01\uff0c\u7f6a\u884c\u4e0e\u795e\u5723\uff0c\u4eba\u6027\u4e0e\u517d\u6027\u5e38\u5e38\u77db\u76fe\u5730\u96c6\u4e8e\u4e00\u4eba\u4e4b\u8eab\uff0c\u5f98\u5f8a\u4e8e\u5929...""}, {""userNmae"": ""PooomBooom"", ""start"": 5, ""bookId"": 18, ""userId"": 41, ""createTime"": ""2019-09-28"", ""content"": "" \u8fd9\u4e16\u4e0a\u7adf\u7136\u5b58\u5728\u8fd9\u4e48\u4f1f\u5927\u7684\u5c0f\u8bf4\uff0c\u60f3\u60f3\u771f\u662f\u4e00\u4ef6\u4ee4\u4eba\u5e78\u798f\u800c\u53c8\u4e0d\u53ef\u601d\u8bae\u7684\u4e8b\u60c5\u3002""}, {""userNmae"": ""Minty"", ""start"": 5, ""bookId"": 18, ""userId"": 42, ""createTime"": ""2015-07-23"", ""content"": ""\u4e0d\u77e5\u662f\u9640\u6c0f\u81ea\u8eab\u8fd8\u662f\u8363\u5982\u5fb7\u529f\u52b3\uff0c\u8bed\u8a00\u610f\u8574\u4e30\u6ee1\uff0c\u4e24\u672c\u5927\u90e8\u5934\u770b\u8d77\u6765\u5f88\u6109\u5feb\u3002\u4e0a\u6d77\u8bd1\u6587\u8fd9\u7248\u7248\u5f0f\u4e0d\u9519\uff0c\u63d2\u753b\u7cbe\u7f8e\uff0c\u5982\u679c\u6709\u7cbe\u88c5\u7248\u5c31\u66f4\u597d\u4e86\u3002\u5f53\u65f6\u7684\u4fc4\u7f57\u65af\u521a\u521a\u7834\u9664\u519c\u5974\u5236\uff0c\u65b0\u601d\u6f6e\u6d8c\u5165\uff0c\u5b97\u6559\u5374\u4f9d\u7136\u5360\u636e\u4e3b\u5bfc\u3002\u9640\u6c0f\u867d\u7136\u62e5\u6709\u4e00\u5b9a\u7684\u503e\u5411\u6027\uff0c\u4f46\u7406\u6027\u7684\u5149\u8292\u5df2\u9510\u4e0d\u53ef\u5f53\u3002\u611f\u89c9\u201c\u5b97\u6559\u5927\u6cd5\u5b98\u201d\u548c\u201c\u9b54\u9b3c\u3002\u4f0a\u4e07\u00b7\u8d39\u5965\u591a\u7f57\u7ef4\u5947\u7684\u68a6\u9b47\u201d\u4e24\u8282\u6700\u4e3a\u7cbe\u5f69\uff0c\u5176\u4e2d\u201c\u5b97\u201d\u4e00\u8282\u76f4\u63a5\u903c\u95ee\u4e0a\u5e1d\uff0c\u6beb\u4e0d\u7559\u60c5\u63ed\u9732\u5b97\u6559\uff0c\u5927\u5feb\u4eba\u5fc3\u3002\u76f8\u6bd4\u4e4b\u4e0b\uff0c\u60f3\u5230\u300a\u6211\u7684\u4e2a\u795e\u554a\u300b\u8fd9\u79cd\u5e7c\u7a1a\u7684\u610f\u6deb\u5982...""}, {""userNmae"": ""\u91d1\u5d69\u8350"", ""start"": 5, ""bookId"": 18, ""userId"": 95, ""createTime"": ""2019-11-03"", ""content"": ""\u4f60\u8bfb\u4e86\u9a6c\u5c14\u514b\u65af\u3001\u5361\u5c14\u7ef4\u8bfa\u3001\u83ab\u8a00\u3001\u5965\u7ef4\u5c14\u7b49\u7b49\u7684\u725b\u903c\u5c0f\u8bf4\u3001\u53c8\u770b\u4e86\u4e9b\u5176\u4ed6\u4eba\u7684\u5e73\u5eb8\u4e4b\u4f5c\u3001\u4f60\u5c31\u4f1a\u89c9\u5f97\u90a3\u4e9b\u803d\u8bef\u4f60\u65f6\u95f4\u7684\u4e1c\u897f\uff0c\u964d\u4f4e\u4e86\u4f60\u8bfb\u4e66\u7684\u6b32\u671b\u3001\u7b49\u4f60\u53d1\u6398\u4e86\u9640\u54e5\u7684\u8fd9\u90e8\u201c\u5144\u5f1f\u201d\u4fbf\u61c2\u5f97\u575a\u6301\u627e\u4e66\u7684\u610f\u4e49\u3001\u597d\u7ffb\u8bd1\u8ba9\u4f60\u5982\u6c90\u6625\u98ce\u3001\u6781\u77ed\u7684\u4e2a\u4eba\u89c2\u70b9\u653e\u5728\u4e86\u4e66\u7684\u6700\u540e\u3001\u4e0d\u50cf\u4e00\u4e9b\u81ea\u8be9\u7ffb\u8bd1\u5927\u5bb6\u4eec\uff0c\u5f00\u5934\u4eae\u89c2\u70b9\uff0c\u505a\u8bf1\u5bfc\uff0c\u5148\u5165\u4e3a\u4e3b\u7684\u7ed9\u4f5c\u54c1\u5b9a\u4e86\u8c03\u3001\u751f\u6015\u8bfb\u8005\u5fd8\u8bb0\u4ed6\u3001\u7136\u800c\u8363\u8001\u5148\u751f\u662f\u90a3\u79cd\uff0c\u4f60\u6bcf\u6b21\u9605\u8bfb\u540e\u653e\u4e0b\u4e66\uff0c\u9664\u4e86\u611f\u53f9\u9640\u54e5\u7684\u54f2\u601d\uff0c\u4eba\u7269\u5bf9\u8bdd\u3001\u4eba\u6027\u3001\u4e4b\u5916\uff0c\u4f60...""}]"
19,小说,生死疲劳,https://img1.doubanio.com/view/subject/s/public/s34086258.jpg,莫言,浙江文艺出版社,2022-1,584,69,9.0,"[64.7, 27.1, 6.4, 1.1, 0.7]",◆ 不看不知道，莫言真幽默！在极度痛苦时笑出声来，获得内心深处的解脱。◆ 莫言：“诺奖的评委主要是因为读完了《生死疲劳》，才把这个奖项授给了我。”◆ 不管生活多苦闷，翻开本书都会笑出声来。◆ 收录全新再版序、莫言漫像、莫言题词，了解本书创作背后的故事！◆ 特别梳 理人物关系图，清晰呈现主要人物关系！◆ 5幅原创插画，还原本书精华场景！【内容简介】不看不知道，欲哭又想笑。活着不容易，幽默无价宝。——莫言五十年间西门闹经历六次转世，一世为驴，二世为牛，三世为猪，四世为狗，五世为猴，最终降生为人。在这六世里，他目睹蓝脸一家三代经历人生的生死疲劳，他们爱就爱到底，恨就恨到底，犟就犟到底，干就干到底，有极致的痛苦，也有彻底的放纵。而他们的故事，要从1950年1月1日讲起……2012年诺贝尔文学奖授奖辞莫言是继拉伯雷、斯威夫特以及我...,https://book.douban.com/subject/35587028/,2023-11-15,18128,"[{""userNmae"": ""\u545c\u545c\u545c"", ""start"": 1, ""bookId"": 19, ""userId"": 56, ""createTime"": ""2024-05-19"", ""content"": ""\u672c\u8eab\u8fd9\u4e2a\u9898\u6750\u5c31\u5f88\u53d6\u5de7\uff0c\u53e6\u5916\u83ab\u8a00\u662f\u6709\u4ec0\u4e48\u751f\u6b96\u764c\u5417\uff1f\u5d07\u62dc\u751f\u6b96\u5668\u3001\u52a8\u4e0d\u52a8\u5c31\u662f\u914d\u79cd\uff0c\u5973\u6027\u53ea\u6709\u751f\u80b2\u4ef7\u503c\u3002\u201c\u800c\u8fce\u6625\u7684\u809a\u5b50\uff0c\u66fe\u7ecf\u662f\u6211\u7684\u9065\u8fdc\u7684\u524d\u8eab\u897f\u95e8\u95f9\u7684\u8d22\u4ea7\u201d\uff0c\u83ab\u8a00\u771f\u7684\u4e0d\u662f\u9633\u75ff\u5417\uff1f""}, {""userNmae"": ""\u738b\u6e05\u6b22"", ""start"": 4, ""bookId"": 19, ""userId"": 34, ""createTime"": ""2022-01-29"", ""content"": ""\u770b\u8fc7\u4f59\u534e\u548c\u83ab\u8a00\u7684\u76f4\u64ad\uff0c\u4f59\u534e\uff1a\u6211\u770b\u5b8c\u751f\u6b7b\u75b2\u52b3\u540e\uff0c\u5988\u7684\uff0c\u9996\u5148\u7684\u611f\u89c9\u662f\u5f88\u5ac9\u5992\uff0c\u5199\u5f97\u90a3\u4e48\u725b\u903c\u3002\u54c8\u54c8\u54c8\u54c8\u54c8\u3002""}, {""userNmae"": ""\u5f20\u5c0f\u5317"", ""start"": 4, ""bookId"": 19, ""userId"": 21, ""createTime"": ""2022-03-15"", ""content"": ""\u8bb8\u591a\u5e74\u4e4b\u540e\uff0c\u9762\u5bf9\u8fd9\u672c\u4e94\u767e\u591a\u9875\u7684\u5c0f\u8bf4\uff0c\u6211\u60c5\u4e0d\u81ea\u7981\u5730\u56de\u60f3\u8d77\u7b2c\u4e00\u6b21\u5728\u56fe\u4e66\u9986\u9605\u89c8\u5ba4\u770b\u5230\u300a\u7ea2\u9ad8\u7cb1\u300b\u5c0f\u8bf4\u7684\u90a3\u4e2a\u9065\u8fdc\u7684\u4e0b\u5348\u2026\u2026\u90a3\u65f6\u6211\u8fd8\u6ca1\u770b\u8fc7\u90a3\u90e8\u540c\u540d\u7535\u5f71\uff0c\u4e5f\u4e0d\u77e5\u9053\u8fd9\u4e2a\u4f5c\u8005\u5c06\u4f1a\u5f97\u8bfa\u8d1d\u5c14\u6587\u5b66\u5956\u3002\u6211\u53ea\u662f\u770b\u5230\u4e86\u4e00\u4e2a\u4ece\u6765\u6ca1\u6709\u770b\u5230\u8fc7\u7684\u4e16\u754c\u3002\u5728\u5f88\u591a\u5e74\u4e4b\u540e\uff0c\u300a\u751f\u6b7b\u75b2\u52b3\u300b\u8ba9\u6211\u518d\u6b21\u770b\u5230\u4e86\u90a3\u4e2a\u66fe\u88ab\u6211\u9057\u5fd8\u4f46\u53c8\u4e00\u76f4\u5b58\u5728\u7684\u4e16\u754c\u3002\u96be\u5f97\u7684\u662f\uff0c\u5b83\u4ecd\u7136\u50cf\u6211\u5f53\u5e74\u7b2c\u4e00\u6b21\u89c1\u5230\u5b83\u65f6\u90a3\u6837\u751f\u673a\u52c3\u52c3\u3002""}, {""userNmae"": ""\u829d\u9ebb\u9762\u5305"", ""start"": 1, ""bookId"": 19, ""userId"": 37, ""createTime"": ""2022-12-14"", ""content"": ""\u770b\u4e0d\u4e0b\u53bb\u4e86\uff0c\u6ee1\u7eb8\u751f\u6b96\u5668\uff0c\u5230\u5e95\u60f3\u8bb2\u5565\u554a\uff0c\u98a0\u6765\u5012\u53bb\u6240\u6709\u7684\u5185\u5bb9\u90fd\u662f\u5728\u5632\u8bbd\u90a3\u4e2a\u5e74\u4ee3\u7684\u5149\u602a\u9646\u79bb\uff0c\u5632\u8bbd\u90fd\u6d6e\u4e8e\u8868\u9762\uff0c\u4e00\u70b9\u65b0\u9c9c\u4e1c\u897f\u4e5f\u6ca1\u6709\u3002\u53ea\u987e\u70ab\u6280\u7684\u4f5c\u54c1\uff0c\u5185\u6838\u662f\u7a7a\u7684\u3002""}, {""userNmae"": ""MIRROR"", ""start"": 1, ""bookId"": 19, ""userId"": 23, ""createTime"": ""2023-11-15"", ""content"": ""\u6bcf\u591a\u8bfb\u4e00\u4e9b\u5c31\u964d\u4f4e\u4e00\u9897\u661f\u2026\u2026\u771f\u7684\u592a\u538c\u5973\u592a\u81ea\u5927\u592a\u5eb8\u4fd7\u592a\u6076\u5fc3\u4e86\uff0c\u8fd9\u662f\u6211\u770b\u7684\u7b2c\u4e00\u90e8\u83ab\u8a00\u4f5c\u54c1\uff0c\u4e5f\u662f\u6700\u540e\u4e00\u90e8\u3002\u53d7\u4e0d\u4e86\uff0c\u770b\u5f97\u6211\u6d51\u8eab\u96be\u53d7\uff0c\u4f46\u4e3a\u4e86\u95ee\u5fc3\u65e0\u6127\u5730\u7ed9\u51fa\u4e00\u661f\uff0c\u6211\u8fd8\u662f\u786c\u6491\u7740\u628a\u8fd9\u672c\u6b7b\u539a\u6b7b\u539a\u7684\u7834\u4e66\u770b\u5b8c\u4e86\u2026\u2026\u2026\u2026\u2026\u2026\u70e6\u6b7b\u83ab\u8a00\u4e86\u2026\u2026""}]"
